python_skill,java_skill,cpp_skill,javascript_skill,html_css_skill,sql_skill,machine_learning_interest,web_development_interest,data_analysis_interest,cybersecurity_interest,statistics_skill,problem_solving,communication_skill,creativity,logical_thinking,teamwork,cloud_computing_interest,networking_skill,debugging_skill,aptitude_score,career_path
3,6,5,6,6,7,5,7,3,10,9,8,3,0,4,4,4,10,6,76,Cybersecurity Engineer
4,9,4,4,8,7,8,4,8,8,10,6,2,10,4,6,6,5,5,100,Data Analyst
10,5,7,4,7,3,6,5,4,8,5,5,4,8,7,8,7,10,7,95,Cybersecurity Engineer
4,6,1,5,7,3,6,9,5,3,8,7,4,7,7,7,10,5,9,100,Full Stack Developer
1,6,7,9,1,8,10,0,6,7,9,6,7,3,6,7,9,7,6,99,AI Engineer
9,6,9,4,6,2,5,6,1,7,7,5,7,3,6,4,5,10,7,95,Cybersecurity Engineer
5,4,8,7,7,7,10,9,5,2,10,10,0,4,4,5,2,4,1,100,AI Engineer
7,7,1,7,2,7,1,2,7,8,8,3,2,7,5,4,8,4,6,100,Data Analyst
0,4,5,7,9,7,7,3,4,7,8,5,9,3,8,4,9,4,6,90,Full Stack Developer
9,2,8,4,2,5,3,2,8,7,5,6,8,5,9,7,0,10,9,100,Cybersecurity Engineer
10,3,5,6,6,6,8,6,3,5,10,2,10,6,4,4,3,4,6,91,AI Engineer
10,3,9,4,4,6,8,3,8,5,10,10,7,3,3,5,5,5,6,100,AI Engineer
7,5,5,3,7,4,4,5,7,2,8,3,5,4,4,7,5,4,5,100,Full Stack Developer
9,6,4,9,10,4,4,9,0,4,1,9,8,10,5,5,1,7,3,63,Full Stack Developer
9,6,3,6,1,8,7,3,7,5,10,9,6,3,10,3,7,6,4,100,AI Engineer
8,5,6,4,4,3,7,7,6,5,9,3,5,3,5,8,6,2,10,100,AI Engineer
2,8,6,10,10,6,6,7,6,2,4,5,10,4,5,5,9,4,5,69,Full Stack Developer
7,4,5,3,6,5,6,8,10,7,7,8,5,7,7,1,6,8,7,73,Data Analyst
9,4,5,6,6,10,6,4,10,8,8,6,8,6,9,4,4,6,5,85,Data Analyst
8,4,6,3,2,7,10,4,7,4,9,7,6,5,9,5,1,10,5,100,AI Engineer
5,4,1,0,9,10,4,2,6,5,10,8,3,3,7,6,6,9,6,79,Data Analyst
7,3,7,4,6,4,10,3,6,5,10,5,6,7,8,5,7,6,8,28,AI Engineer
5,1,5,3,4,10,4,4,6,3,8,8,8,2,6,2,6,4,8,100,Data Analyst
8,2,6,6,5,3,1,2,6,7,5,7,5,6,3,9,6,10,7,98,Cybersecurity Engineer
3,4,4,7,7,5,8,4,4,0,10,6,3,4,9,5,8,7,2,60,AI Engineer
7,6,6,6,2,2,8,6,5,5,5,1,4,4,9,5,4,10,3,39,Cybersecurity Engineer
3,5,5,8,5,9,5,9,8,5,3,8,7,5,5,8,7,7,4,100,Cybersecurity Engineer
0,2,8,0,2,8,5,3,4,5,4,6,4,7,10,7,6,7,2,100,Cybersecurity Engineer
3,4,7,10,8,10,3,9,7,4,1,4,4,9,3,2,7,7,10,87,Full Stack Developer
8,6,7,6,5,8,7,4,3,10,9,9,7,7,8,5,3,6,6,100,Cybersecurity Engineer
4,7,10,5,0,5,7,4,4,6,5,10,7,3,2,6,4,9,6,100,Cybersecurity Engineer
7,5,0,5,4,5,7,6,5,4,10,7,6,5,10,6,10,4,3,100,AI Engineer
7,5,5,9,4,5,4,9,10,8,6,10,6,5,7,7,7,8,4,89,Data Analyst
6,4,8,2,2,5,5,4,7,9,4,5,7,5,4,8,8,8,3,100,Cybersecurity Engineer
4,7,8,4,6,5,3,6,5,9,7,10,7,7,5,8,5,10,10,100,Cybersecurity Engineer
8,7,5,5,8,6,5,5,10,7,10,3,6,3,7,9,1,9,6,100,Data Analyst
7,8,0,4,2,8,10,6,7,4,10,9,6,6,9,0,6,7,7,97,AI Engineer
2,5,9,4,5,9,7,9,8,6,8,8,5,6,10,8,6,5,3,100,Data Analyst
5,8,4,4,6,8,2,5,2,9,5,3,1,8,8,7,9,10,4,100,Cybersecurity Engineer
4,5,10,5,6,8,6,1,4,8,9,10,8,4,8,5,4,10,8,100,AI Engineer
2,4,4,8,9,9,1,5,2,5,6,9,10,7,3,2,8,8,7,89,Full Stack Developer
5,5,3,3,4,8,3,5,4,3,9,5,1,5,9,1,10,4,6,82,AI Engineer
5,8,4,2,4,10,2,7,7,7,10,7,7,1,6,6,5,4,8,99,Data Analyst
3,8,6,3,3,10,6,1,8,6,4,5,3,7,6,4,8,3,7,98,Data Analyst
10,4,6,6,3,5,7,3,7,9,10,7,8,6,4,8,6,6,7,96,AI Engineer
6,6,4,2,5,4,7,3,6,8,6,7,7,8,4,7,6,10,8,85,Cybersecurity Engineer
7,5,8,5,7,5,9,7,8,4,10,10,2,2,6,6,5,8,6,87,AI Engineer
7,2,5,8,4,5,4,2,4,9,5,6,5,6,7,4,5,10,5,76,Cybersecurity Engineer
2,8,4,10,10,4,5,5,2,1,4,7,6,8,9,3,6,4,9,100,Full Stack Developer
5,6,6,9,10,7,10,10,7,6,2,6,10,6,4,6,3,2,8,100,Full Stack Developer
8,8,4,5,2,10,7,3,3,2,7,5,1,3,10,7,7,6,9,55,AI Engineer
3,6,4,3,2,4,5,1,2,10,9,7,4,9,8,1,8,5,3,98,Cybersecurity Engineer
6,6,6,2,3,2,1,3,3,7,3,10,6,5,10,10,4,8,3,100,Cybersecurity Engineer
5,4,4,2,2,2,4,4,5,7,5,3,2,5,6,5,1,10,4,65,Cybersecurity Engineer
3,5,6,10,9,7,2,10,2,6,4,2,7,9,9,4,6,7,9,100,Full Stack Developer
2,8,2,5,9,5,5,6,6,6,4,7,1,5,3,4,4,3,3,94,Full Stack Developer
10,4,5,2,6,4,7,4,9,3,8,8,10,6,6,5,4,2,4,73,AI Engineer
8,7,4,4,7,6,6,2,8,7,8,5,5,6,6,5,6,7,0,100,Data Analyst
7,2,7,10,5,5,7,1,6,7,10,4,6,3,7,2,3,6,6,68,AI Engineer
4,9,6,2,0,2,9,2,4,5,8,9,5,6,3,2,6,2,9,100,AI Engineer
5,3,9,10,10,8,1,10,4,7,5,2,9,1,4,4,2,2,7,91,Full Stack Developer
6,4,7,5,10,5,2,3,3,7,8,5,7,5,2,5,5,10,9,78,Cybersecurity Engineer
9,0,3,2,4,4,4,6,5,10,6,4,2,7,6,6,4,9,1,87,Cybersecurity Engineer
0,8,6,3,8,7,0,7,8,6,5,6,5,6,6,6,6,10,8,100,Cybersecurity Engineer
3,3,1,7,7,5,8,4,10,7,9,7,8,2,8,5,6,4,6,100,Data Analyst
7,5,3,7,5,2,9,4,5,0,10,6,2,1,7,4,5,6,3,99,AI Engineer
5,4,4,6,2,4,0,2,6,6,4,5,7,4,7,3,10,5,5,100,Cybersecurity Engineer
10,4,3,3,3,10,10,3,2,6,10,8,4,4,7,6,1,3,4,91,AI Engineer
8,6,4,4,4,10,4,5,7,6,7,10,6,6,4,5,10,8,5,100,Data Analyst
3,9,6,6,8,5,8,8,1,3,3,7,7,8,5,7,5,2,5,84,Full Stack Developer
2,3,7,1,6,6,8,5,6,4,8,3,4,2,5,1,10,5,7,86,Data Analyst
9,6,4,3,3,8,7,5,5,7,10,6,2,5,9,0,9,4,6,100,AI Engineer
6,2,0,4,7,6,6,3,9,3,10,5,6,4,3,8,5,9,4,100,Data Analyst
9,0,4,8,8,6,5,5,9,2,6,5,6,4,9,4,1,4,6,100,AI Engineer
10,7,3,4,5,8,10,5,7,6,10,6,2,5,3,6,5,0,5,73,AI Engineer
5,7,2,5,6,8,3,8,3,2,7,9,4,6,9,10,8,7,5,87,Cybersecurity Engineer
8,6,5,9,3,3,6,2,6,2,5,7,1,3,2,5,6,9,7,100,AI Engineer
6,3,7,5,2,4,8,0,6,4,7,7,5,3,10,6,6,5,8,100,AI Engineer
3,7,4,1,3,10,7,4,10,1,9,3,8,7,4,4,7,2,5,73,Data Analyst
3,7,5,3,5,5,10,8,8,6,10,6,8,3,7,8,6,4,1,100,AI Engineer
6,10,7,9,2,7,6,6,9,8,10,8,4,6,6,6,5,4,6,87,AI Engineer
3,7,4,6,7,10,9,5,6,2,8,8,8,5,10,9,6,6,5,100,Data Analyst
7,8,4,10,10,7,6,10,3,3,10,4,6,5,8,3,6,1,4,57,Full Stack Developer
2,6,7,7,3,10,3,5,8,3,9,9,7,4,2,6,4,6,7,100,Data Analyst
6,7,5,3,5,1,2,4,8,7,8,5,9,2,10,4,4,10,8,74,Cybersecurity Engineer
0,8,2,3,1,9,8,5,8,6,9,8,5,4,9,6,5,5,6,60,Data Analyst
8,4,8,4,7,9,4,5,6,7,9,6,10,3,5,2,8,10,6,100,Cybersecurity Engineer
6,3,7,1,4,3,8,5,7,8,8,8,5,5,7,3,0,4,7,74,AI Engineer
4,6,6,4,0,5,0,5,3,5,1,5,10,6,6,6,1,8,8,100,Cybersecurity Engineer
7,4,7,4,1,9,4,8,7,8,4,10,10,3,6,2,5,9,9,71,Cybersecurity Engineer
10,3,6,1,1,8,9,7,7,1,10,7,1,5,6,2,7,1,6,100,AI Engineer
2,9,5,6,10,9,4,5,1,10,0,7,4,9,3,9,6,3,6,86,Full Stack Developer
3,8,5,10,9,6,5,8,5,10,4,2,4,5,9,5,9,6,10,100,Full Stack Developer
6,4,2,0,3,9,6,3,2,6,7,7,8,3,10,5,9,6,1,100,Cybersecurity Engineer
8,4,0,3,6,2,9,5,7,6,7,9,5,6,6,4,3,4,9,87,AI Engineer
5,8,5,10,9,6,0,10,2,3,0,5,4,8,1,6,5,1,8,82,Full Stack Developer
9,3,4,5,3,1,5,7,6,8,8,5,9,5,9,2,7,7,7,74,AI Engineer
4,4,8,4,2,5,6,4,6,5,6,7,2,4,2,5,4,8,7,100,Cybersecurity Engineer
3,6,6,4,2,6,4,4,3,7,6,5,8,6,9,8,8,10,7,64,Cybersecurity Engineer
1,2,0,10,8,10,5,9,5,4,7,5,8,10,7,6,4,6,7,100,Full Stack Developer
3,4,4,2,4,7,3,5,6,6,6,5,8,5,4,8,10,7,8,92,Cybersecurity Engineer
8,5,3,4,4,10,8,5,5,5,8,6,8,5,4,6,7,8,7,85,Data Analyst
7,4,2,2,1,8,7,8,8,5,10,5,4,7,7,3,5,2,7,87,Data Analyst
6,4,7,1,8,6,3,1,9,10,8,4,5,6,6,7,8,10,1,92,Cybersecurity Engineer
8,6,5,4,5,4,10,3,4,3,10,4,4,7,7,4,5,5,3,70,AI Engineer
6,4,3,10,8,8,0,8,7,5,5,9,4,5,5,9,1,3,10,41,Full Stack Developer
7,4,0,3,8,7,8,7,4,3,9,5,6,6,4,6,3,5,8,100,AI Engineer
6,3,5,10,10,7,2,4,7,4,5,7,6,7,5,3,7,6,4,83,Full Stack Developer
4,8,5,6,9,7,9,5,7,0,5,9,9,9,4,8,4,2,5,93,Full Stack Developer
8,4,6,6,3,6,4,5,6,10,3,5,5,5,5,1,4,10,8,100,Cybersecurity Engineer
7,0,1,3,6,9,4,5,8,2,8,2,2,2,3,8,5,2,5,91,Data Analyst
2,5,2,7,0,3,6,3,3,8,8,6,4,2,6,7,7,7,3,100,Cybersecurity Engineer
6,6,5,6,6,10,7,6,9,4,3,8,8,5,3,7,8,4,5,100,Data Analyst
3,2,10,6,7,4,8,8,6,4,8,10,5,6,5,8,6,5,9,82,AI Engineer
3,3,3,10,10,6,9,9,6,5,1,3,6,6,7,6,6,7,6,98,Full Stack Developer
10,3,4,2,4,2,6,0,8,5,4,9,10,4,6,10,4,5,6,100,AI Engineer
4,6,4,2,3,8,5,7,10,4,7,10,5,5,8,2,4,5,2,100,Data Analyst
10,2,6,4,7,10,10,7,7,4,10,5,6,5,4,10,2,0,7,96,Data Analyst
6,4,8,1,8,7,7,5,2,3,8,10,3,8,7,6,9,7,5,100,AI Engineer
8,5,8,6,2,9,7,5,8,10,6,5,3,6,8,10,9,8,6,80,Cybersecurity Engineer
4,3,6,6,9,4,2,5,4,10,6,7,4,7,3,5,5,10,5,77,Cybersecurity Engineer
3,3,6,2,8,10,6,0,7,6,8,6,10,5,6,5,10,7,5,97,Data Analyst
6,10,1,5,4,3,1,6,6,10,5,5,3,7,4,6,5,10,5,89,Cybersecurity Engineer
10,7,3,5,5,10,5,4,7,0,10,9,4,1,5,5,4,6,6,100,Data Analyst
10,8,3,0,5,3,6,2,2,8,7,9,5,3,8,5,5,5,1,49,AI Engineer
10,8,3,3,3,9,2,3,9,5,6,8,2,3,5,4,4,3,6,55,Data Analyst
6,7,2,5,9,7,8,5,6,8,9,2,3,3,6,5,9,6,8,100,AI Engineer
5,1,3,8,4,1,7,2,3,5,8,4,7,8,7,1,4,5,7,100,AI Engineer
10,3,2,2,10,6,7,4,6,4,7,6,4,3,7,4,10,6,4,54,AI Engineer
8,5,6,3,1,10,4,7,10,9,10,7,3,5,4,6,8,5,4,85,Data Analyst
6,3,4,9,6,1,6,5,10,7,9,10,4,8,4,0,2,0,10,97,AI Engineer
8,6,5,4,2,8,8,9,10,7,9,4,8,5,9,9,2,3,6,100,AI Engineer
4,8,5,7,10,5,5,10,5,3,6,4,8,6,7,4,8,6,6,100,Full Stack Developer
9,7,5,8,8,8,6,8,6,4,5,4,8,4,7,6,9,6,3,94,Full Stack Developer
8,6,1,4,9,7,10,5,8,4,6,4,5,6,8,3,8,3,6,79,Data Analyst
6,6,6,8,8,3,4,8,5,3,8,8,9,6,4,7,3,1,8,87,Full Stack Developer
6,0,4,3,7,6,8,6,5,6,10,5,7,2,9,2,7,8,5,95,AI Engineer
4,4,10,10,7,5,2,3,9,9,7,5,6,8,6,3,5,4,8,91,Cybersecurity Engineer
4,4,5,10,8,3,5,9,8,6,1,5,7,4,4,8,6,5,4,74,Full Stack Developer
1,8,2,9,10,0,1,7,0,1,5,5,7,7,1,4,7,8,3,100,Full Stack Developer
7,6,5,4,0,3,8,5,6,8,7,8,1,2,7,4,6,6,8,91,Data Analyst
3,7,3,7,1,5,4,4,1,10,7,7,8,5,5,6,2,10,4,67,Cybersecurity Engineer
9,5,5,8,4,10,3,6,5,1,10,6,4,8,5,10,10,4,4,100,Data Analyst
3,2,8,1,6,6,7,4,8,7,9,6,6,6,4,9,7,6,6,69,AI Engineer
8,5,2,3,5,5,8,4,6,1,9,4,6,7,7,6,8,0,10,74,AI Engineer
3,3,7,5,7,6,4,1,7,7,4,5,6,4,8,2,7,6,5,100,Cybersecurity Engineer
6,6,5,5,10,6,10,6,7,5,10,3,5,3,8,10,1,6,3,78,AI Engineer
3,4,4,10,7,2,5,7,2,4,2,8,8,4,2,6,3,8,10,91,Full Stack Developer
5,0,0,10,10,4,6,4,5,6,5,4,3,8,2,5,9,4,9,100,Full Stack Developer
8,5,1,6,6,6,7,3,8,3,10,2,5,5,4,7,9,1,2,100,Data Analyst
9,5,0,1,3,5,9,5,2,7,10,8,7,3,9,3,3,6,6,100,AI Engineer
1,5,0,7,9,7,3,3,3,6,5,5,7,4,9,4,8,4,7,100,Full Stack Developer
5,3,4,0,7,1,6,4,8,0,4,8,5,4,5,8,9,7,6,100,Data Analyst
10,8,3,7,10,9,1,10,4,0,3,5,6,4,5,4,5,4,7,100,Full Stack Developer
10,3,6,6,3,2,1,5,3,6,2,8,5,5,4,6,7,9,2,81,Cybersecurity Engineer
4,2,4,10,8,10,3,7,5,1,5,3,0,6,7,8,6,0,7,99,Full Stack Developer
10,10,4,6,4,4,3,5,3,7,8,6,8,2,4,6,7,5,6,100,AI Engineer
8,2,0,5,1,8,7,5,5,5,8,10,4,7,4,5,6,4,5,100,Data Analyst
6,6,7,6,8,5,7,4,10,5,10,5,3,6,6,7,4,4,5,100,AI Engineer
7,7,4,1,8,5,5,3,5,4,9,4,6,7,6,1,8,5,2,100,Data Analyst
3,4,7,5,9,10,1,6,7,3,2,6,7,8,7,10,4,8,10,62,Full Stack Developer
7,5,9,3,5,9,10,3,3,3,8,7,5,5,5,5,2,4,7,56,AI Engineer
9,9,7,10,10,8,3,7,9,4,7,8,8,10,1,1,9,2,8,100,Full Stack Developer
4,6,4,1,5,4,7,1,10,7,2,5,6,8,7,5,6,6,7,100,Cybersecurity Engineer
9,2,7,4,1,10,8,3,6,4,10,5,0,8,5,4,5,3,9,100,Data Analyst
5,4,3,3,7,5,4,7,10,2,10,2,3,5,5,5,8,3,1,93,Data Analyst
7,3,6,8,10,9,6,5,10,6,4,5,7,7,9,7,5,4,9,84,Full Stack Developer
8,7,4,8,8,4,8,5,2,9,4,8,9,7,4,6,3,4,8,100,Full Stack Developer
5,5,8,6,7,6,6,4,6,6,10,9,2,6,9,7,4,10,4,64,AI Engineer
4,6,7,6,10,7,1,8,3,0,1,8,7,10,4,7,7,3,7,100,Full Stack Developer
6,4,6,6,7,9,3,8,6,6,5,7,7,8,6,5,2,3,10,93,Full Stack Developer
7,3,1,10,10,8,7,5,1,7,5,6,3,10,8,4,9,1,6,100,Full Stack Developer
4,6,5,4,5,0,6,2,9,5,10,1,2,6,5,6,2,7,5,75,AI Engineer
8,10,8,5,7,6,6,9,2,6,4,5,4,0,5,9,3,5,6,82,Cybersecurity Engineer
10,3,2,5,5,4,10,3,2,5,9,6,9,8,5,5,5,4,4,67,AI Engineer
6,7,4,10,8,9,7,9,5,6,7,1,7,10,4,4,9,3,6,97,Full Stack Developer
7,5,5,6,0,6,8,8,7,5,8,5,5,5,2,4,4,2,4,100,Data Analyst
6,5,2,3,5,5,9,4,4,3,10,7,2,4,3,3,6,2,4,83,AI Engineer
3,2,5,3,4,6,3,8,4,6,4,6,6,6,6,4,3,8,10,100,Cybersecurity Engineer
8,10,2,2,3,5,3,3,9,5,7,4,6,3,10,9,6,5,7,100,AI Engineer
9,6,6,5,8,8,7,2,7,2,9,4,2,9,9,10,3,5,2,85,AI Engineer
3,2,7,3,4,2,6,2,9,0,8,9,5,1,10,7,9,1,8,72,AI Engineer
2,4,5,10,10,10,6,8,4,8,2,8,5,6,8,3,6,4,2,100,Full Stack Developer
9,10,2,5,1,8,5,2,4,5,10,5,5,7,5,0,8,1,9,100,AI Engineer
7,7,8,10,10,7,6,7,3,6,5,5,4,3,2,4,4,4,5,60,Full Stack Developer
8,3,4,5,3,6,10,3,5,3,7,8,5,5,4,4,7,5,6,100,AI Engineer
4,7,3,2,8,10,6,9,6,7,7,3,9,8,5,10,8,4,6,87,Data Analyst
8,6,7,1,4,7,7,3,4,4,6,10,4,3,7,7,6,5,4,100,AI Engineer
10,3,6,4,5,7,9,8,8,3,8,4,7,2,8,4,4,2,7,100,AI Engineer
6,5,7,3,8,6,2,5,6,5,6,7,0,5,5,4,7,10,3,77,Cybersecurity Engineer
6,1,4,6,10,5,5,10,8,5,1,7,9,5,8,6,1,5,6,79,Full Stack Developer
8,5,4,5,7,5,4,9,7,2,10,7,8,5,5,4,7,8,8,78,Data Analyst
7,7,3,4,5,3,4,2,3,7,5,4,8,4,4,7,8,7,6,100,Cybersecurity Engineer
5,2,8,10,6,4,1,8,8,5,3,7,5,4,3,6,5,0,8,94,Full Stack Developer
7,3,6,10,10,6,4,9,5,3,8,2,3,2,9,6,4,5,8,72,Full Stack Developer
9,6,7,9,3,3,5,3,6,4,9,8,4,8,6,10,7,3,4,100,AI Engineer
3,6,6,4,6,10,5,2,9,4,6,5,8,6,5,4,4,2,3,100,Data Analyst
8,5,3,7,7,9,7,4,10,2,10,8,7,6,6,7,4,4,5,76,Data Analyst
6,4,10,2,1,3,10,5,4,6,9,7,5,3,6,6,7,2,0,100,AI Engineer
4,5,10,0,1,9,9,9,8,5,9,7,8,6,1,3,7,2,1,100,Data Analyst
8,7,7,7,6,1,10,7,5,4,8,2,3,4,6,2,5,4,4,100,AI Engineer
9,10,3,0,6,4,10,9,9,2,10,6,6,3,8,7,5,3,3,100,AI Engineer
5,4,5,7,5,8,7,7,6,2,10,9,1,4,6,3,7,3,6,100,Data Analyst
4,6,10,3,0,0,5,4,4,10,7,7,6,5,9,4,6,7,2,96,Cybersecurity Engineer
6,8,2,0,7,0,6,10,6,1,9,6,4,5,5,8,7,7,5,100,AI Engineer
7,5,2,3,7,10,5,2,10,5,9,5,6,7,6,2,6,9,8,100,Data Analyst
6,8,2,6,10,10,6,8,6,4,1,8,4,10,2,9,6,3,6,76,Full Stack Developer
6,5,5,10,8,7,6,10,5,5,7,6,3,6,7,3,9,9,8,100,Full Stack Developer
7,1,5,6,3,3,8,0,8,7,10,6,3,5,9,6,6,9,6,74,AI Engineer
7,0,6,9,4,4,8,6,9,6,8,7,3,2,4,6,6,7,8,100,Data Analyst
5,3,3,4,4,8,4,9,10,7,10,0,4,3,2,8,9,5,8,86,Data Analyst
10,7,3,7,8,10,5,4,2,3,7,10,4,1,5,0,7,0,5,55,AI Engineer
3,1,4,5,4,9,5,3,8,4,10,10,3,6,6,1,5,6,8,100,AI Engineer
4,7,8,5,6,9,8,5,10,6,10,5,6,5,6,5,9,9,6,100,Data Analyst
7,6,3,4,5,8,4,1,0,10,6,5,0,6,9,3,7,7,5,100,Cybersecurity Engineer
6,5,7,6,9,8,4,2,4,1,10,5,5,4,10,1,5,4,6,97,Data Analyst
9,2,4,4,3,3,8,6,8,3,10,8,6,4,5,6,4,1,6,100,AI Engineer
4,2,6,2,1,5,9,7,4,1,10,6,4,2,6,8,4,2,7,100,AI Engineer
6,0,6,5,3,4,7,2,6,8,8,6,6,3,9,8,5,9,8,100,Cybersecurity Engineer
4,5,6,5,9,8,1,7,4,3,6,7,4,8,7,10,4,5,7,100,Full Stack Developer
3,3,1,10,6,7,4,10,3,6,4,0,6,5,9,6,5,6,6,100,Full Stack Developer
4,7,2,9,6,3,3,3,6,6,1,9,1,10,6,6,4,8,5,97,Cybersecurity Engineer
9,7,3,4,6,3,8,4,3,4,10,6,5,7,9,4,7,1,5,91,AI Engineer
9,7,8,8,4,7,4,5,4,4,2,7,2,7,7,7,4,6,10,98,AI Engineer
3,3,3,3,9,5,8,5,9,3,10,5,8,7,9,9,6,6,9,100,AI Engineer
6,3,7,2,4,6,10,4,6,7,10,4,5,8,7,6,9,1,4,71,AI Engineer
3,10,7,3,2,6,4,7,6,8,7,9,5,5,5,6,4,10,10,67,Cybersecurity Engineer
6,5,9,8,7,7,7,4,8,4,10,7,0,7,3,7,8,5,8,100,AI Engineer
9,1,4,3,3,5,6,1,6,2,2,9,8,2,8,4,9,7,6,100,AI Engineer
7,6,3,7,2,6,5,7,1,10,9,6,6,2,7,4,7,6,9,100,Cybersecurity Engineer
10,6,1,3,2,5,2,1,8,7,6,10,9,5,4,5,10,7,4,86,Cybersecurity Engineer
7,1,8,5,4,4,10,6,5,10,8,7,0,4,9,3,3,9,6,100,Cybersecurity Engineer
5,7,8,10,10,5,2,5,4,3,3,4,9,5,2,6,9,6,8,98,Full Stack Developer
6,9,6,5,4,3,4,6,5,9,9,9,8,5,7,1,5,4,3,100,Cybersecurity Engineer
8,3,3,7,2,7,5,3,8,7,10,7,5,4,7,4,5,4,4,100,Data Analyst
10,5,5,7,6,5,4,0,3,4,4,5,6,1,7,4,9,6,7,77,Cybersecurity Engineer
5,3,4,9,9,10,4,10,4,4,4,7,7,1,6,1,8,8,8,100,Full Stack Developer
7,4,4,2,5,5,1,3,7,8,6,6,6,1,6,3,5,6,7,81,Data Analyst
7,8,2,6,9,10,8,5,0,10,8,5,4,10,10,5,8,4,4,100,AI Engineer
7,5,7,3,2,10,5,3,3,5,9,2,4,5,8,4,2,5,3,100,Data Analyst
4,4,5,6,3,4,10,5,4,3,10,5,4,2,6,3,3,1,4,100,AI Engineer
7,3,4,5,4,5,7,0,9,3,6,7,5,7,8,7,3,8,7,81,AI Engineer
5,5,2,10,10,6,0,7,6,2,5,6,5,3,7,9,5,8,10,98,Full Stack Developer
3,4,7,6,2,2,7,1,6,6,6,6,8,8,6,9,2,8,5,43,Cybersecurity Engineer
6,3,6,10,10,8,7,7,1,4,1,4,10,4,3,9,8,1,8,74,Full Stack Developer
4,10,3,7,7,7,4,6,7,7,1,4,7,5,3,8,7,5,9,100,Full Stack Developer
10,7,7,0,0,10,4,0,5,0,7,3,5,6,7,3,6,7,9,83,AI Engineer
8,1,7,3,7,4,5,6,9,2,6,9,9,4,0,7,5,2,7,100,Data Analyst
8,9,1,4,6,8,6,6,6,7,9,6,7,4,8,6,2,5,5,100,Data Analyst
4,6,9,6,7,8,0,5,2,5,1,8,7,10,6,10,8,3,6,100,Full Stack Developer
5,2,6,8,7,7,7,7,8,0,9,7,2,1,5,4,4,4,8,96,AI Engineer
5,5,7,1,4,5,8,6,8,4,9,6,5,6,7,8,3,4,4,100,AI Engineer
7,6,7,8,10,6,5,10,6,2,8,8,2,7,6,5,4,3,1,100,Full Stack Developer
6,9,10,7,6,8,7,6,7,3,9,8,9,7,4,3,5,1,4,71,Data Analyst
3,6,6,5,10,5,4,10,4,4,4,7,5,6,4,9,8,6,6,100,Full Stack Developer
3,5,8,10,9,2,1,8,3,6,9,3,5,2,6,6,5,6,7,99,Full Stack Developer
4,4,8,5,2,6,7,7,2,5,8,5,0,2,9,4,4,10,7,100,Cybersecurity Engineer
8,4,8,6,7,5,6,9,5,6,10,6,5,5,8,6,4,5,9,74,Data Analyst
7,4,0,4,4,10,4,3,3,4,10,6,5,6,5,2,7,1,5,100,Data Analyst
9,2,10,6,4,9,5,4,7,2,10,1,5,2,5,5,9,5,4,93,Data Analyst
10,5,5,4,5,6,6,6,8,4,10,6,7,8,9,2,3,2,8,62,AI Engineer
4,6,3,7,2,9,5,7,6,4,9,3,8,8,6,4,4,10,7,91,Data Analyst
1,5,6,7,4,4,5,2,9,6,7,8,9,6,10,3,7,1,10,100,Data Analyst
7,4,8,1,6,3,3,3,6,5,9,6,2,5,9,9,6,10,6,90,Cybersecurity Engineer
4,7,6,7,4,9,5,4,8,5,9,9,4,8,10,4,5,6,6,100,Data Analyst
7,4,7,2,0,4,2,4,8,7,4,8,8,7,5,5,6,8,9,100,Cybersecurity Engineer
6,8,5,7,6,3,6,4,0,4,3,9,0,5,6,4,6,5,10,65,Cybersecurity Engineer
9,6,6,10,8,4,4,8,2,3,7,5,6,6,6,8,5,7,7,90,Full Stack Developer
7,6,6,4,7,4,7,2,7,6,10,10,7,6,9,4,5,9,8,90,Cybersecurity Engineer
6,8,6,7,9,6,1,4,6,7,2,9,2,6,10,4,4,6,10,69,Full Stack Developer
3,4,3,3,5,1,3,3,7,10,3,8,7,6,10,7,7,10,6,76,Cybersecurity Engineer
6,4,1,5,6,10,7,5,7,4,6,5,0,1,2,7,6,8,2,100,Data Analyst
9,4,7,6,8,5,7,2,8,0,8,6,3,3,9,6,6,6,6,100,AI Engineer
7,1,7,5,2,8,5,3,7,4,7,9,7,4,10,7,4,8,1,100,Cybersecurity Engineer
2,2,4,3,6,6,7,7,3,3,10,6,2,7,10,9,4,6,8,80,AI Engineer
7,4,7,1,8,3,4,5,2,6,2,4,5,7,6,4,8,7,5,100,Cybersecurity Engineer
2,1,3,1,7,6,9,8,9,4,10,8,0,4,7,5,4,1,8,98,Data Analyst
9,4,5,1,7,4,5,3,6,4,8,4,2,3,10,6,7,7,5,100,AI Engineer
7,4,4,7,9,2,0,10,2,1,8,3,3,6,4,2,4,5,10,76,Full Stack Developer
6,1,6,9,3,5,2,2,5,8,9,7,4,3,10,5,1,2,3,90,AI Engineer
5,4,8,9,10,3,6,9,7,3,0,8,5,6,8,6,3,4,3,85,Full Stack Developer
2,4,8,8,10,1,3,3,5,2,6,7,4,6,8,6,9,0,7,93,Full Stack Developer
1,5,2,8,4,5,6,6,8,3,6,4,8,7,7,8,1,9,6,87,Data Analyst
0,3,3,7,8,6,4,10,5,9,6,4,10,8,10,5,6,5,7,100,Full Stack Developer
6,8,8,8,6,4,5,5,1,4,1,5,9,8,3,9,10,6,10,100,Full Stack Developer
2,6,2,6,9,9,4,8,4,5,5,7,4,5,6,6,6,5,10,100,Full Stack Developer
2,4,5,7,9,2,7,6,3,3,4,7,7,3,7,6,6,10,10,100,Full Stack Developer
10,4,5,6,6,8,5,5,6,3,9,8,8,10,7,1,6,10,5,100,AI Engineer
3,2,3,9,5,7,5,7,4,4,5,5,3,6,6,8,10,5,7,85,Full Stack Developer
9,7,1,10,4,3,5,3,5,4,8,8,3,1,7,0,7,2,6,100,AI Engineer
6,6,3,0,5,7,5,3,7,6,5,6,4,2,7,2,4,5,4,100,Data Analyst
5,8,2,10,10,8,3,9,3,6,8,6,5,7,5,5,4,3,5,97,Full Stack Developer
4,9,4,10,8,7,5,10,7,3,4,6,6,10,7,7,10,0,7,100,Full Stack Developer
2,4,7,8,8,6,7,8,5,2,10,4,4,7,3,3,8,0,5,57,Full Stack Developer
3,5,2,3,5,10,7,0,9,5,7,3,4,0,2,2,3,6,4,100,Data Analyst
10,1,2,2,5,10,7,4,10,5,8,8,5,6,4,3,7,4,3,100,Data Analyst
4,3,5,8,1,4,8,2,7,7,0,6,6,6,8,6,6,10,7,100,Cybersecurity Engineer
3,2,5,3,7,2,9,0,6,1,10,3,4,2,10,7,6,8,5,93,AI Engineer
4,3,9,10,4,8,7,3,1,7,7,4,2,8,8,6,4,5,4,100,Cybersecurity Engineer
8,8,6,0,7,6,6,7,3,9,10,8,7,7,6,7,4,8,7,100,Data Analyst
8,2,4,9,10,4,6,9,5,0,4,9,7,1,5,8,7,7,10,100,Full Stack Developer
4,6,7,3,2,10,9,2,6,3,10,9,3,2,1,6,5,4,6,86,Data Analyst
4,4,5,5,2,9,4,7,10,4,6,8,5,6,8,2,6,7,9,100,Data Analyst
5,3,5,10,8,7,6,8,8,0,3,7,6,6,9,4,7,7,8,100,Full Stack Developer
6,8,4,7,4,8,7,0,9,0,9,4,2,8,8,5,10,7,5,61,Data Analyst
6,2,8,6,3,8,10,5,5,9,10,7,7,6,7,4,8,1,5,100,AI Engineer
5,3,3,4,1,7,4,3,6,4,6,5,6,6,1,6,5,4,6,64,Data Analyst
10,4,7,3,1,7,10,7,3,3,10,6,2,6,6,10,9,6,8,97,AI Engineer
9,7,5,0,6,9,2,8,7,8,0,3,6,8,2,7,8,7,6,100,Cybersecurity Engineer
7,6,1,4,4,10,6,4,3,4,10,5,6,5,9,5,3,4,2,90,Data Analyst
5,1,4,5,0,4,6,3,7,2,6,5,3,6,7,5,2,7,4,100,Data Analyst
4,2,4,6,9,2,5,1,3,6,6,5,2,4,9,7,4,8,4,100,Cybersecurity Engineer
7,4,0,7,5,10,8,2,8,2,10,9,9,4,9,7,6,3,5,100,Data Analyst
7,1,2,3,0,5,6,1,7,6,8,7,7,6,8,4,6,7,4,100,AI Engineer
2,3,6,3,4,9,7,4,6,5,10,5,2,6,9,5,7,4,6,100,Data Analyst
7,1,5,4,3,3,10,3,10,1,10,4,3,3,6,7,5,0,10,100,AI Engineer
7,0,5,5,6,7,6,1,3,6,6,10,9,9,7,5,7,7,10,100,Cybersecurity Engineer
5,3,6,0,6,6,2,4,8,8,9,7,5,0,7,6,4,3,7,87,Data Analyst
6,6,7,6,7,9,9,5,6,9,3,7,7,5,8,5,6,1,7,71,Full Stack Developer
6,5,2,5,9,8,10,6,9,3,8,0,8,8,6,6,5,5,8,40,AI Engineer
4,5,8,5,4,4,4,9,4,6,1,5,4,7,10,6,7,9,4,100,Cybersecurity Engineer
5,5,6,8,7,7,5,9,3,6,2,4,7,7,3,10,6,5,9,100,Full Stack Developer
7,8,6,4,6,4,6,1,3,2,10,7,6,3,9,4,7,1,2,62,AI Engineer
8,6,3,7,10,6,7,8,2,5,4,7,4,5,4,7,7,5,8,100,Full Stack Developer
6,5,0,6,5,10,6,4,6,2,10,5,3,4,10,5,3,3,7,100,Data Analyst
5,6,7,6,5,3,3,7,7,7,8,5,4,7,9,6,7,9,7,90,Cybersecurity Engineer
7,5,3,10,9,9,3,7,7,2,6,3,7,4,5,1,9,2,3,100,Full Stack Developer
8,0,3,8,5,10,8,2,10,3,8,7,4,2,4,7,10,5,4,100,Data Analyst
10,3,4,10,9,5,4,10,3,4,2,7,8,6,7,5,1,6,10,73,Full Stack Developer
7,7,4,8,4,6,3,5,4,4,8,4,8,6,6,7,3,6,8,100,Full Stack Developer
2,7,7,5,5,5,6,3,5,6,4,5,4,9,8,6,2,7,9,73,Cybersecurity Engineer
8,5,6,5,3,4,8,5,7,8,10,7,4,3,4,6,9,6,9,96,AI Engineer
5,2,8,10,10,5,3,4,5,2,3,7,8,2,8,4,4,1,6,75,Full Stack Developer
3,6,5,4,5,4,10,2,10,2,6,9,10,6,7,2,5,6,8,100,Data Analyst
9,7,7,4,5,4,9,6,2,7,7,7,8,4,6,7,3,7,10,92,Cybersecurity Engineer
6,4,2,7,4,4,10,4,6,2,5,2,4,7,7,5,0,8,6,87,AI Engineer
7,8,7,7,5,5,6,4,6,7,9,7,10,3,1,2,10,5,5,95,Data Analyst
8,0,7,4,5,9,3,5,8,4,10,7,6,6,8,6,2,0,4,100,Data Analyst
6,2,4,8,3,9,7,4,3,7,5,7,6,6,5,4,4,5,5,100,Cybersecurity Engineer
7,7,0,10,5,3,4,8,7,0,4,2,5,6,4,8,10,5,9,79,Full Stack Developer
8,7,8,10,10,6,8,6,0,3,4,6,4,8,5,9,3,4,7,94,Full Stack Developer
6,7,6,2,4,4,7,4,1,5,6,8,5,4,3,6,5,7,7,100,Cybersecurity Engineer
5,6,2,0,5,4,9,4,1,10,3,7,5,7,6,5,8,10,7,77,Cybersecurity Engineer
10,1,3,10,5,5,7,6,10,1,9,6,7,9,9,6,10,4,4,100,AI Engineer
9,5,8,10,2,8,8,4,2,5,7,5,3,3,6,7,2,1,6,90,AI Engineer
7,3,10,7,4,8,4,2,10,4,9,6,3,5,4,4,3,3,3,100,Data Analyst
1,3,3,1,3,10,6,5,8,6,10,5,3,4,8,10,6,5,8,100,Data Analyst
7,7,2,9,5,4,2,8,3,4,1,6,2,10,4,5,8,9,3,100,Full Stack Developer
6,3,3,4,5,1,5,4,8,3,7,4,4,5,6,0,10,6,7,71,AI Engineer
10,5,1,3,3,6,7,4,3,5,8,10,5,9,4,2,2,7,10,85,AI Engineer
5,6,3,3,6,8,5,4,4,9,4,8,7,4,6,6,8,7,6,100,Cybersecurity Engineer
10,7,6,5,4,8,8,1,4,3,10,5,8,1,6,0,7,4,6,86,AI Engineer
6,1,1,5,5,4,5,3,6,5,8,6,8,3,8,8,5,4,5,100,AI Engineer
6,5,5,3,2,7,3,3,2,7,6,7,5,3,5,6,7,9,7,100,Cybersecurity Engineer
5,7,4,2,3,3,4,5,5,10,6,3,7,3,1,8,8,10,5,100,Cybersecurity Engineer
6,9,1,3,3,7,2,1,6,7,9,6,6,4,3,4,3,6,10,100,Data Analyst
7,5,8,1,2,5,1,7,7,7,9,6,4,5,4,7,6,7,6,100,Cybersecurity Engineer
6,3,4,10,4,5,5,4,5,3,8,10,5,7,6,5,8,8,6,100,Cybersecurity Engineer
2,5,2,8,4,5,10,8,9,10,10,3,3,6,2,5,3,5,8,98,AI Engineer
3,2,8,10,10,8,1,6,3,5,4,6,8,6,6,3,9,8,8,100,Full Stack Developer
8,7,10,10,7,5,7,4,0,4,6,8,6,10,6,7,8,7,9,87,Full Stack Developer
7,7,5,5,4,10,8,3,6,3,10,8,2,4,7,5,10,1,10,96,Data Analyst
7,5,3,1,6,5,4,6,4,9,7,2,1,7,9,7,5,10,7,100,Cybersecurity Engineer
8,10,6,1,2,8,2,6,4,8,1,7,5,6,9,1,5,8,10,100,Cybersecurity Engineer
7,6,9,1,6,8,7,6,10,3,9,7,8,9,8,7,4,5,5,83,AI Engineer
10,4,3,4,3,9,3,3,9,3,10,5,6,3,8,3,4,2,5,100,Data Analyst
8,3,0,5,5,10,3,4,6,8,7,5,6,6,8,5,4,4,7,75,Data Analyst
8,0,6,5,7,3,7,4,5,4,2,5,8,6,8,6,7,6,6,81,Full Stack Developer
7,6,10,6,4,5,9,7,5,4,10,8,7,0,5,6,4,8,10,72,AI Engineer
2,2,6,9,8,3,2,8,6,6,8,5,8,7,6,9,4,5,3,100,Full Stack Developer
7,10,6,4,5,2,9,2,3,8,7,6,8,5,5,10,7,7,4,76,Cybersecurity Engineer
8,6,7,3,5,6,6,4,8,5,10,8,8,8,2,7,8,3,6,100,AI Engineer
7,5,3,3,4,8,7,0,4,6,7,7,6,2,9,7,6,0,5,92,Data Analyst
0,5,3,4,3,7,0,7,6,5,6,8,3,5,4,0,4,6,10,100,Cybersecurity Engineer
6,0,3,4,1,8,9,7,3,5,10,6,1,6,5,7,3,3,7,100,Data Analyst
1,5,5,10,6,7,5,8,6,4,7,7,8,4,3,3,3,5,5,67,Full Stack Developer
8,5,9,10,9,8,7,4,6,7,3,6,4,6,7,2,5,6,9,67,Full Stack Developer
7,4,6,7,3,3,6,2,8,7,3,9,0,7,10,9,5,10,8,83,Cybersecurity Engineer
2,4,4,5,10,3,3,4,5,0,4,6,4,3,8,2,4,7,7,92,Full Stack Developer
7,4,5,6,0,8,7,3,5,5,0,5,4,7,4,4,10,6,7,100,AI Engineer
3,4,5,6,7,8,7,9,4,6,10,8,5,4,2,5,4,4,2,88,AI Engineer
2,2,5,4,4,3,10,5,5,10,6,4,3,9,7,1,8,8,5,100,Cybersecurity Engineer
7,10,6,8,6,7,6,8,6,6,9,10,6,9,6,2,2,3,9,66,Data Analyst
5,5,3,9,10,9,2,10,7,5,5,4,3,10,4,2,5,3,8,93,Full Stack Developer
5,4,7,4,4,5,10,7,8,5,10,9,8,8,4,1,5,4,6,100,AI Engineer
3,3,9,9,9,7,2,7,9,7,3,4,5,2,9,10,3,3,8,94,Full Stack Developer
5,4,8,10,7,5,5,7,5,0,2,4,4,6,5,6,10,7,10,97,Full Stack Developer
5,5,5,10,10,5,10,5,4,5,2,7,4,4,3,6,7,2,8,100,Full Stack Developer
7,1,9,4,7,9,4,7,6,0,7,6,4,3,10,6,4,5,7,57,AI Engineer
8,8,4,1,4,5,7,4,6,2,10,5,6,5,6,5,7,7,9,96,AI Engineer
4,4,4,4,4,5,8,0,1,7,7,5,1,4,6,3,7,9,7,100,Cybersecurity Engineer
4,2,2,2,4,10,10,3,8,9,9,8,5,7,4,1,4,4,6,100,Data Analyst
7,5,5,4,8,8,0,7,3,0,9,4,7,5,4,6,4,5,7,73,Full Stack Developer
9,3,7,9,7,3,1,2,4,8,6,10,6,5,8,5,7,9,9,100,Cybersecurity Engineer
5,2,5,4,7,10,3,4,5,2,6,4,9,6,7,7,3,1,2,77,AI Engineer
5,7,4,6,10,2,2,7,4,4,7,8,7,6,6,4,3,7,9,87,Full Stack Developer
6,0,3,7,3,10,6,6,6,5,6,8,7,2,10,7,2,7,7,84,Cybersecurity Engineer
5,6,6,5,4,3,5,5,8,7,8,7,5,8,9,4,3,6,7,69,AI Engineer
5,4,3,7,7,2,6,3,8,8,6,4,9,1,5,8,7,5,4,93,Full Stack Developer
5,1,4,10,8,1,2,7,7,0,4,9,4,7,1,8,7,5,4,100,Full Stack Developer
7,5,7,5,6,7,3,2,9,4,9,9,5,7,6,6,6,3,4,100,AI Engineer
8,4,6,5,2,6,7,6,10,6,10,9,10,6,5,3,7,3,7,100,Data Analyst
5,4,2,4,1,7,5,1,10,1,10,7,3,5,7,7,7,8,8,100,Data Analyst
9,8,7,6,0,0,8,4,1,8,4,10,5,5,4,6,8,9,7,100,Cybersecurity Engineer
9,6,1,5,5,6,10,6,6,5,6,7,5,7,4,4,7,5,8,100,AI Engineer
5,5,4,5,6,5,10,3,6,3,10,4,5,8,7,7,4,5,4,98,AI Engineer
5,4,4,0,1,5,4,4,7,8,5,9,5,8,9,5,4,10,8,93,Cybersecurity Engineer
0,7,5,10,7,2,5,6,5,9,5,6,4,5,5,6,7,5,0,65,Full Stack Developer
9,3,2,1,6,9,10,6,7,10,10,8,4,3,6,5,4,9,7,100,AI Engineer
10,9,5,10,10,5,5,7,0,4,0,4,6,5,3,3,5,3,6,89,Full Stack Developer
4,4,4,0,5,9,7,3,10,7,6,3,4,7,7,3,4,5,10,100,Data Analyst
2,7,10,4,4,5,10,5,0,7,7,4,5,4,6,6,8,2,7,100,Data Analyst
6,3,5,5,6,6,6,3,4,4,3,8,4,4,7,8,10,8,9,100,Cybersecurity Engineer
7,4,6,5,8,5,10,5,6,4,8,7,6,3,9,2,5,6,7,100,AI Engineer
4,7,7,9,10,3,0,9,5,5,4,8,6,8,7,2,7,8,6,87,Full Stack Developer
5,7,7,4,7,7,4,8,1,8,4,8,4,4,10,6,8,9,6,100,Cybersecurity Engineer
4,2,5,4,5,7,2,7,4,7,7,8,7,8,5,7,1,5,7,89,Cybersecurity Engineer
5,2,4,6,8,4,7,2,0,5,8,4,7,6,7,6,7,6,8,91,AI Engineer
7,5,7,10,10,6,5,7,3,3,6,4,6,2,6,5,8,3,6,100,Full Stack Developer
7,1,3,4,1,9,8,3,8,7,10,9,6,7,4,6,6,4,3,74,Data Analyst
4,10,6,5,3,10,7,3,10,6,6,7,5,8,4,7,2,8,5,100,Data Analyst
6,6,6,10,10,10,9,9,3,8,3,4,4,9,7,7,6,5,8,100,Full Stack Developer
10,5,3,7,5,6,10,3,5,5,9,2,4,6,9,3,2,5,1,100,AI Engineer
7,3,7,3,1,2,4,5,6,5,7,9,4,7,5,4,5,5,7,84,AI Engineer
3,6,7,10,10,7,6,5,9,4,3,6,5,2,6,9,8,5,7,100,Full Stack Developer
6,4,5,0,8,6,5,2,4,5,4,8,6,5,7,7,0,10,10,71,Cybersecurity Engineer
7,3,4,6,4,5,10,3,3,2,10,7,3,5,10,3,0,5,5,74,AI Engineer
5,6,6,7,10,6,4,10,4,7,3,7,8,3,5,6,5,6,6,87,Full Stack Developer
7,1,2,7,7,3,5,5,10,3,4,5,3,9,7,5,8,5,10,100,Full Stack Developer
6,1,6,4,6,4,3,6,6,10,8,9,8,5,8,3,7,8,3,100,Cybersecurity Engineer
8,8,7,8,5,2,4,3,7,6,9,4,4,4,4,7,8,9,9,100,Cybersecurity Engineer
4,7,8,9,10,9,5,7,5,1,2,3,3,4,7,4,7,6,10,96,Full Stack Developer
6,6,3,5,5,2,4,2,4,10,7,6,8,3,5,6,4,6,7,100,Cybersecurity Engineer
5,4,0,4,6,7,3,2,5,0,9,2,8,7,5,7,6,3,1,93,AI Engineer
6,2,6,6,6,7,3,6,9,5,7,8,6,6,4,5,7,10,3,100,Cybersecurity Engineer
7,5,5,9,8,1,7,9,4,2,5,7,7,9,8,2,6,8,6,100,Full Stack Developer
8,2,7,7,10,5,9,3,8,4,10,6,5,5,6,5,4,8,6,100,AI Engineer
8,8,7,9,10,5,9,10,5,2,0,3,2,2,9,2,4,2,10,100,Full Stack Developer
6,6,10,7,5,6,3,3,7,3,9,4,0,4,10,5,4,1,4,100,Data Analyst
10,1,5,7,3,6,7,3,4,3,10,5,3,8,9,1,3,5,7,68,AI Engineer
7,6,1,2,4,5,8,4,7,5,10,8,1,9,1,2,5,6,0,100,AI Engineer
7,3,2,4,5,9,4,9,4,8,0,10,4,8,2,10,2,6,5,100,Cybersecurity Engineer
9,4,4,6,2,6,2,4,6,7,7,7,8,7,6,5,7,1,4,100,AI Engineer
5,7,3,5,0,6,6,2,5,8,4,8,8,6,3,4,7,6,5,90,Cybersecurity Engineer
8,6,4,4,5,6,3,1,5,8,7,6,5,7,10,6,4,4,6,96,AI Engineer
1,3,7,10,5,8,5,7,4,6,6,8,4,4,4,9,7,4,4,100,Data Analyst
10,8,9,10,8,6,4,9,1,4,1,5,4,6,4,6,2,2,9,83,Full Stack Developer
7,5,5,10,10,5,6,8,10,5,7,7,1,5,4,4,4,2,5,100,Full Stack Developer
4,6,7,5,10,3,7,5,4,4,4,6,5,4,5,9,8,5,7,100,Full Stack Developer
7,2,8,6,6,8,8,8,8,4,10,7,4,8,7,5,6,10,3,80,AI Engineer
7,4,7,9,6,6,7,1,8,2,6,8,10,6,5,2,5,1,5,100,Data Analyst
10,7,0,2,5,6,10,2,6,4,8,4,4,2,5,8,4,9,6,100,AI Engineer
2,6,1,7,6,8,7,4,7,1,7,10,4,6,5,5,4,1,6,100,Data Analyst
6,2,5,7,1,6,7,1,5,9,8,7,7,3,7,7,2,9,10,97,Cybersecurity Engineer
5,5,9,1,2,10,4,5,5,5,7,3,7,2,7,4,2,7,7,70,Data Analyst
6,4,6,2,8,6,2,5,7,9,6,7,6,4,5,5,6,10,8,81,Cybersecurity Engineer
3,5,6,2,5,5,4,4,5,5,7,8,3,5,10,5,7,3,8,93,Data Analyst
5,6,2,10,10,7,7,9,1,2,5,6,3,6,6,8,4,4,6,67,Full Stack Developer
9,4,8,8,4,6,6,3,5,5,10,8,5,4,4,5,6,6,3,95,AI Engineer
2,5,10,0,0,9,3,6,6,4,8,1,6,7,7,3,6,10,5,100,Cybersecurity Engineer
9,3,5,8,3,3,7,4,7,4,10,4,8,2,3,6,3,1,1,96,AI Engineer
5,4,7,9,10,9,2,7,8,0,2,3,6,8,8,4,5,1,8,100,Full Stack Developer
7,0,3,0,0,4,6,5,5,3,10,7,8,1,4,5,5,2,1,100,AI Engineer
4,2,7,10,5,3,7,5,4,5,8,7,8,7,9,4,7,9,9,100,Full Stack Developer
4,2,5,4,7,9,5,5,10,2,7,10,4,7,9,7,6,4,10,91,Data Analyst
7,3,5,4,1,7,3,3,8,4,9,10,0,8,6,5,6,7,8,92,Data Analyst
9,2,8,9,5,3,8,4,6,10,10,3,6,6,6,6,5,9,4,100,Cybersecurity Engineer
9,2,2,3,3,8,9,4,1,6,5,6,5,8,4,0,7,8,8,100,AI Engineer
5,2,4,7,4,3,10,4,7,7,9,10,5,10,5,7,3,7,5,100,AI Engineer
4,6,2,5,1,7,5,5,1,6,5,6,7,6,6,9,5,9,9,100,Cybersecurity Engineer
4,7,7,6,6,5,3,6,7,5,7,4,2,6,9,9,4,7,7,58,Data Analyst
9,6,3,3,5,2,10,7,10,2,9,8,5,3,3,9,6,2,7,100,AI Engineer
3,0,7,9,10,5,9,7,4,4,4,6,5,1,3,9,5,2,4,97,Full Stack Developer
5,8,7,5,5,7,7,9,5,10,5,5,5,6,6,7,5,10,6,100,Cybersecurity Engineer
10,4,8,6,1,9,7,2,6,1,7,9,2,4,6,5,1,5,2,78,Data Analyst
9,6,5,6,3,4,5,5,6,6,9,6,3,5,10,8,8,5,5,75,AI Engineer
8,3,6,7,6,6,10,3,7,5,5,6,6,3,7,9,4,8,5,100,Data Analyst
9,3,0,10,10,7,6,8,6,6,0,1,8,4,4,3,4,4,6,80,Full Stack Developer
9,7,1,4,7,7,2,4,3,5,10,9,7,6,9,5,9,10,7,100,Cybersecurity Engineer
8,4,2,3,4,5,6,6,3,4,9,7,6,3,3,5,5,3,10,100,Data Analyst
7,4,3,3,7,4,3,7,6,4,9,9,0,8,3,8,7,6,4,53,AI Engineer
6,1,2,5,3,7,5,2,4,8,10,9,5,4,10,4,6,4,0,100,AI Engineer
7,3,8,4,3,10,5,6,4,4,10,4,8,5,3,4,4,4,5,67,Data Analyst
5,3,10,5,9,4,5,2,4,4,7,4,8,7,8,6,6,3,3,100,AI Engineer
3,5,3,2,6,6,7,4,4,3,10,9,3,0,8,7,7,4,3,98,Cybersecurity Engineer
6,3,8,2,4,10,6,2,0,6,7,8,6,3,6,5,8,10,7,100,Cybersecurity Engineer
10,5,4,5,3,1,3,5,2,6,6,2,6,7,6,5,2,7,9,100,Cybersecurity Engineer
9,0,4,3,8,6,7,2,6,7,8,5,6,7,10,6,5,7,6,69,Cybersecurity Engineer
6,6,5,9,8,7,3,6,3,4,4,10,3,7,4,7,7,0,4,81,Full Stack Developer
10,7,6,3,6,8,8,1,0,7,8,6,2,3,6,3,7,6,2,69,AI Engineer
9,9,9,10,10,8,1,10,1,4,7,9,6,10,6,5,6,9,6,84,Full Stack Developer
5,5,9,8,0,4,1,4,1,6,2,6,7,8,3,0,8,8,3,75,Cybersecurity Engineer
0,5,3,4,7,5,4,2,5,4,7,7,4,3,4,8,10,8,4,95,Cybersecurity Engineer
8,3,5,6,6,7,4,7,8,8,10,7,2,5,8,6,4,7,6,96,Cybersecurity Engineer
7,6,6,8,5,7,8,3,3,5,9,5,5,4,7,5,7,5,6,100,AI Engineer
6,5,4,4,4,3,7,3,4,6,6,7,8,7,9,4,8,3,4,100,AI Engineer
7,0,6,6,6,9,7,9,6,3,10,2,2,5,2,6,3,5,4,100,Data Analyst
3,2,1,3,1,6,10,7,8,6,6,5,6,2,5,7,7,6,10,40,Data Analyst
3,7,9,5,6,9,3,7,1,6,3,4,3,3,5,2,6,5,5,84,Cybersecurity Engineer
5,8,5,8,3,8,6,5,6,8,5,8,6,9,9,9,7,6,3,100,Cybersecurity Engineer
6,6,5,2,2,4,6,4,9,5,6,8,5,5,7,6,4,5,8,100,Cybersecurity Engineer
7,6,5,6,1,3,5,3,2,9,5,8,3,3,8,4,4,10,9,61,Cybersecurity Engineer
6,6,5,7,4,4,5,6,0,0,1,7,7,5,5,5,10,4,7,94,Full Stack Developer
6,9,8,2,4,8,10,3,4,4,5,6,7,2,8,4,8,4,9,63,AI Engineer
5,4,7,5,4,5,5,6,10,2,8,10,6,5,9,9,3,8,6,100,Data Analyst
10,2,5,7,5,10,8,5,5,4,10,7,7,4,3,1,7,3,1,100,AI Engineer
5,4,4,0,7,6,5,5,8,3,9,9,9,5,3,4,4,2,7,87,Data Analyst
10,3,4,4,4,5,10,5,5,2,10,4,6,7,6,7,6,4,5,97,AI Engineer
10,6,8,4,3,7,8,2,6,3,7,5,5,3,9,5,9,3,2,89,AI Engineer
10,3,6,4,4,10,7,7,10,2,10,8,5,8,7,7,7,0,2,100,Data Analyst
8,5,5,2,4,7,3,6,10,7,10,7,4,4,0,5,4,6,6,100,Data Analyst
6,5,1,10,10,4,1,5,7,1,6,7,6,2,3,7,9,4,8,100,Full Stack Developer
9,6,9,8,4,9,10,4,9,5,10,4,8,3,9,9,7,5,4,95,Data Analyst
1,6,2,10,10,4,5,6,0,3,5,7,6,2,6,2,4,2,10,100,Full Stack Developer
3,1,0,5,4,8,7,0,4,0,9,7,5,5,4,10,6,8,7,100,Data Analyst
5,3,7,5,5,7,2,5,6,1,9,7,6,4,6,3,2,4,3,83,Data Analyst
7,4,2,1,6,6,8,5,4,7,10,4,7,7,6,5,7,1,5,93,AI Engineer
7,6,5,6,8,3,8,8,4,6,7,8,2,3,8,7,8,9,6,100,Cybersecurity Engineer
6,6,5,6,10,4,9,8,6,3,6,6,6,6,2,6,9,0,9,84,Full Stack Developer
10,6,7,3,0,7,6,4,8,7,10,7,4,4,8,9,2,5,10,85,AI Engineer
5,7,4,6,3,8,4,4,8,10,7,9,7,5,10,8,7,9,4,88,Cybersecurity Engineer
5,4,9,8,10,6,0,3,7,3,5,8,7,5,5,6,5,2,7,89,Full Stack Developer
4,10,10,10,7,6,1,6,4,6,7,2,6,8,8,8,8,3,7,100,Full Stack Developer
4,6,5,8,10,7,5,6,10,5,6,5,5,9,4,7,0,4,6,93,Full Stack Developer
9,6,7,7,4,10,7,6,5,3,10,6,5,2,5,8,3,3,9,64,AI Engineer
7,4,2,8,10,1,3,7,8,6,6,6,4,5,3,7,3,5,6,100,Full Stack Developer
5,3,0,7,10,10,4,3,3,6,2,7,6,7,9,3,7,6,5,100,Full Stack Developer
3,4,3,8,6,3,5,6,2,6,8,7,2,5,7,6,8,10,7,76,Cybersecurity Engineer
4,5,2,9,5,4,0,8,4,3,10,7,7,9,7,4,1,0,9,78,Full Stack Developer
3,4,2,2,5,6,10,3,8,4,10,7,2,0,9,4,3,1,6,100,AI Engineer
9,5,4,6,0,5,8,4,3,6,9,3,10,3,8,4,4,3,4,100,AI Engineer
10,3,3,4,5,4,10,4,1,3,9,7,2,10,7,6,8,9,6,100,AI Engineer
8,6,5,7,10,8,7,9,6,10,7,6,9,7,6,6,5,5,9,100,Full Stack Developer
6,3,4,5,3,5,4,4,8,10,9,7,10,6,4,8,6,10,6,100,Cybersecurity Engineer
7,4,5,1,3,4,7,6,4,6,4,3,7,2,5,8,6,8,8,100,Cybersecurity Engineer
9,0,2,3,1,7,8,2,5,7,5,4,4,5,8,7,7,5,2,94,AI Engineer
5,4,5,2,4,9,5,2,3,1,2,6,9,7,4,6,4,7,9,78,Full Stack Developer
10,4,5,7,8,4,5,5,8,3,8,7,6,7,7,2,4,3,9,100,AI Engineer
7,4,0,8,3,5,2,6,3,6,10,2,4,5,5,4,7,2,9,100,Cybersecurity Engineer
9,8,3,4,7,6,10,6,10,7,10,6,4,7,10,8,5,8,1,69,AI Engineer
6,4,5,3,10,3,9,4,5,7,3,4,8,5,7,6,8,5,4,100,AI Engineer
6,6,5,10,10,8,6,8,5,0,1,5,6,7,6,0,5,5,7,100,Full Stack Developer
5,2,6,10,8,5,2,8,5,3,3,10,6,8,5,0,3,3,9,68,Full Stack Developer
6,5,5,4,0,1,10,9,4,5,10,5,7,3,9,5,7,2,7,100,AI Engineer
7,5,3,6,7,7,9,5,5,2,8,9,7,5,1,10,5,2,5,99,Data Analyst
7,5,7,2,2,7,6,5,4,4,10,2,5,5,7,7,7,4,4,100,AI Engineer
9,9,8,4,2,10,3,5,3,4,9,10,2,7,7,4,4,8,7,100,Cybersecurity Engineer
3,3,7,10,7,5,0,8,3,3,6,7,6,9,10,4,4,3,8,85,Full Stack Developer
7,5,2,4,7,7,4,3,3,9,6,7,6,3,10,9,4,6,3,100,Data Analyst
4,4,3,6,9,7,7,7,1,4,5,5,4,6,3,7,5,3,3,100,Full Stack Developer
6,3,2,5,6,8,6,8,2,5,4,4,10,7,6,5,9,6,9,100,AI Engineer
5,4,4,6,2,5,4,5,4,2,10,9,5,6,5,4,4,2,7,95,AI Engineer
5,10,7,2,5,7,9,3,4,1,10,4,5,9,7,6,7,6,8,100,AI Engineer
6,7,5,3,5,7,9,3,8,6,10,8,4,4,7,8,5,6,6,100,AI Engineer
5,2,4,9,8,9,5,3,10,5,7,8,5,4,5,6,7,4,8,100,Data Analyst
6,3,0,8,3,5,4,2,4,2,10,5,3,1,5,8,9,1,0,100,AI Engineer
7,6,5,2,4,4,9,7,6,7,10,4,4,4,4,9,2,7,6,83,AI Engineer
9,2,3,5,5,6,5,2,1,3,6,6,6,3,6,7,2,7,8,86,Data Analyst
6,10,8,4,10,4,3,6,5,6,2,5,5,2,1,10,6,3,2,92,Full Stack Developer
10,0,4,0,4,7,10,5,9,5,10,3,5,3,10,5,9,3,7,79,AI Engineer
6,5,3,9,6,8,3,4,4,1,0,5,8,7,7,6,4,3,3,100,Full Stack Developer
4,7,5,5,3,9,7,5,9,0,10,6,3,6,9,9,6,3,10,86,Data Analyst
9,4,5,7,3,8,6,7,9,3,10,10,2,6,7,4,3,5,7,67,Data Analyst
5,4,2,8,7,2,7,0,5,6,3,5,4,8,10,7,10,7,5,72,Cybersecurity Engineer
8,5,7,6,7,5,6,2,2,9,4,8,5,8,9,0,5,6,0,100,Cybersecurity Engineer
7,6,8,3,3,3,7,7,1,4,3,10,9,3,3,1,9,10,9,100,Cybersecurity Engineer
4,3,7,7,9,2,4,5,4,7,3,10,2,10,7,3,3,1,9,78,Full Stack Developer
5,2,3,1,4,10,4,1,8,4,10,5,1,3,6,5,4,7,6,100,Data Analyst
9,2,8,0,2,10,6,7,7,7,10,5,9,8,1,7,3,5,4,46,Data Analyst
7,6,3,6,2,4,10,4,5,7,10,7,2,5,8,7,5,4,5,100,AI Engineer
5,4,7,9,1,2,6,0,1,8,3,5,6,7,5,4,5,8,4,76,Cybersecurity Engineer
6,7,3,6,4,10,2,1,7,6,10,6,5,3,2,4,1,7,4,48,Data Analyst
8,5,6,5,5,6,3,3,3,7,9,9,9,7,3,5,7,8,4,100,Cybersecurity Engineer
6,5,6,5,3,5,3,6,10,5,3,7,4,5,2,7,7,4,4,100,Data Analyst
6,9,5,3,8,6,6,5,1,2,4,10,6,10,3,5,1,6,4,100,Full Stack Developer
5,6,9,10,10,7,10,10,6,6,5,9,8,6,5,6,7,5,7,82,Full Stack Developer
1,7,4,4,8,2,5,7,5,7,9,5,8,2,9,4,8,7,8,65,Cybersecurity Engineer
5,7,8,6,4,8,6,0,6,9,7,3,6,7,5,6,4,6,4,100,AI Engineer
2,5,8,10,7,7,5,9,4,2,7,10,8,10,7,8,6,4,3,68,Full Stack Developer
3,6,6,6,8,9,8,4,6,6,8,1,7,3,6,5,5,2,5,100,AI Engineer
4,1,4,9,7,5,2,5,1,4,2,6,3,4,6,5,6,7,4,100,Full Stack Developer
6,2,1,6,4,7,5,3,6,4,6,6,3,3,6,4,2,0,7,100,Data Analyst
2,8,7,10,7,6,1,5,1,5,3,5,6,6,2,10,7,8,5,90,Full Stack Developer
3,5,8,8,10,3,0,6,4,3,1,4,4,5,4,1,3,10,7,100,Full Stack Developer
4,8,5,2,1,2,6,3,8,7,3,6,6,6,7,3,8,10,6,95,Cybersecurity Engineer
6,3,4,8,1,9,10,9,2,0,10,7,6,6,4,5,7,5,7,95,Data Analyst
5,2,3,5,5,5,7,6,7,2,10,5,4,8,4,2,6,1,4,78,AI Engineer
8,5,4,2,2,3,4,5,9,6,4,8,2,6,6,10,6,10,7,100,Cybersecurity Engineer
5,6,8,7,10,6,0,8,3,7,1,6,8,10,9,6,7,6,5,100,Full Stack Developer
10,8,0,10,10,7,5,9,8,3,9,3,2,8,8,7,0,1,9,100,Full Stack Developer
3,4,1,9,8,3,7,5,6,2,4,6,6,7,7,5,3,1,10,100,Full Stack Developer
4,7,6,5,6,7,6,3,5,3,10,8,4,10,7,6,1,1,6,100,AI Engineer
10,6,7,2,5,8,7,2,8,5,10,4,3,4,7,2,6,2,3,100,AI Engineer
4,8,7,5,1,9,6,5,3,4,0,3,3,8,5,1,4,8,5,100,Cybersecurity Engineer
9,6,5,4,2,6,7,1,5,6,8,6,4,8,9,4,6,2,5,100,AI Engineer
7,7,4,7,9,5,3,7,2,7,3,6,6,4,9,2,8,4,9,100,Full Stack Developer
5,6,4,6,9,4,6,7,6,3,2,9,6,10,3,6,8,2,10,100,Full Stack Developer
6,4,5,6,10,9,5,7,6,7,8,7,6,9,7,3,4,4,8,68,Full Stack Developer
8,6,5,10,8,10,6,7,5,4,3,10,5,3,5,7,9,5,5,100,Full Stack Developer
7,7,2,0,6,9,5,8,9,7,10,6,3,7,7,4,7,0,4,73,Data Analyst
10,1,9,9,0,10,5,5,4,4,8,4,7,6,7,4,5,1,8,100,Data Analyst
9,4,6,7,5,6,6,2,8,0,10,3,3,5,4,3,4,5,5,100,AI Engineer
7,4,6,4,3,4,2,5,6,3,10,6,3,8,8,6,4,6,6,100,AI Engineer
6,6,9,3,6,8,1,5,2,9,7,5,5,10,7,5,5,7,5,100,Cybersecurity Engineer
7,4,3,7,10,6,0,7,4,6,3,9,6,5,4,6,6,5,7,100,Full Stack Developer
10,4,3,5,6,3,8,2,7,2,9,9,7,0,10,5,4,4,2,70,AI Engineer
2,6,3,10,8,4,3,9,6,4,7,7,6,6,4,4,8,7,9,100,Full Stack Developer
4,3,7,5,4,3,8,2,8,10,5,10,3,2,5,5,5,10,5,94,Cybersecurity Engineer
7,4,6,5,2,6,4,2,7,5,6,7,3,7,10,4,6,4,6,80,Data Analyst
3,10,7,4,8,7,7,4,5,4,1,9,4,10,3,4,7,6,8,100,Full Stack Developer
6,5,8,4,8,10,5,1,8,3,9,6,9,7,6,9,7,7,4,100,Data Analyst
4,6,1,9,6,4,4,1,3,4,2,10,3,7,4,3,3,8,9,86,Full Stack Developer
4,5,5,6,6,6,6,1,9,3,7,5,5,5,6,6,3,3,2,90,Data Analyst
5,4,5,2,5,5,8,2,5,5,10,6,7,6,10,4,7,3,3,92,AI Engineer
5,8,0,8,3,7,4,2,5,3,7,1,7,6,4,10,8,10,6,90,Cybersecurity Engineer
9,6,5,10,6,6,7,7,5,3,8,9,5,4,5,7,6,5,9,96,Full Stack Developer
10,6,4,9,3,0,7,2,10,8,6,2,6,1,8,5,9,4,4,71,Cybersecurity Engineer
4,5,2,5,1,3,5,9,4,7,8,6,5,6,5,6,10,9,10,74,Cybersecurity Engineer
8,10,3,8,10,7,6,5,7,3,2,9,6,6,10,4,6,3,7,100,Full Stack Developer
7,6,6,6,2,9,9,7,7,3,10,6,6,2,8,4,4,2,6,64,AI Engineer
10,4,5,3,7,10,3,4,0,9,6,6,3,3,10,8,8,8,6,100,Cybersecurity Engineer
6,2,4,9,2,3,9,7,3,0,1,7,5,4,9,5,4,6,6,84,Full Stack Developer
8,6,6,5,1,8,5,1,7,6,8,9,7,3,6,10,4,5,7,68,Data Analyst
0,8,5,8,8,3,8,9,3,2,4,5,0,7,7,4,3,7,9,100,Full Stack Developer
7,5,6,6,5,1,8,4,4,3,10,5,0,6,3,7,5,7,10,76,AI Engineer
7,6,8,4,7,9,6,6,8,2,10,3,6,4,7,3,5,1,8,100,AI Engineer
8,7,3,2,6,6,9,5,3,3,8,9,6,5,10,4,6,3,9,100,AI Engineer
7,5,2,5,4,6,4,8,10,4,9,6,5,2,7,0,6,7,2,87,Data Analyst
8,6,3,5,1,10,3,4,8,6,10,5,7,0,4,4,9,5,9,81,Data Analyst
6,4,3,10,7,6,5,8,3,4,2,8,8,6,7,9,6,6,6,92,Full Stack Developer
8,6,4,9,6,6,7,6,5,0,9,8,9,3,7,6,5,6,7,100,AI Engineer
6,10,7,10,10,10,0,6,1,5,3,10,4,7,5,4,3,1,1,100,Full Stack Developer
7,4,4,0,5,5,5,8,6,3,9,5,7,5,8,3,6,2,4,50,Data Analyst
7,7,4,4,2,3,7,4,4,10,7,9,6,7,2,5,4,5,1,100,Cybersecurity Engineer
10,6,10,3,7,5,9,4,5,7,9,3,4,7,9,5,10,1,4,87,AI Engineer
8,3,3,10,6,5,9,10,7,6,7,10,9,7,8,6,6,6,6,83,Full Stack Developer
5,7,5,6,9,6,7,10,3,2,4,4,6,8,8,6,5,5,3,74,Full Stack Developer
5,4,10,10,9,4,1,8,8,5,6,5,7,8,5,4,5,9,10,71,Full Stack Developer
10,5,3,3,4,4,10,4,4,9,9,5,8,7,5,3,4,2,6,100,AI Engineer
7,4,5,1,0,5,5,8,0,10,5,8,2,5,2,10,6,9,6,71,Cybersecurity Engineer
6,8,5,2,3,1,1,5,4,6,7,6,6,8,4,4,7,7,7,100,Cybersecurity Engineer
5,7,8,10,9,4,7,9,2,1,3,4,7,8,8,6,10,6,7,83,Full Stack Developer
8,5,5,6,9,3,1,7,3,6,6,4,3,5,3,8,7,5,8,100,Full Stack Developer
3,3,10,6,10,6,3,7,4,1,7,3,1,10,2,10,8,1,10,95,Full Stack Developer
6,8,2,6,2,3,5,6,2,10,5,8,2,4,1,7,4,8,6,40,Cybersecurity Engineer
8,8,3,5,4,6,8,7,6,4,9,5,6,2,5,6,5,7,6,100,AI Engineer
8,1,0,5,1,5,7,3,7,1,8,0,7,0,7,7,4,6,8,24,AI Engineer
7,1,4,0,5,5,4,1,4,10,4,6,7,0,5,3,9,10,10,96,Cybersecurity Engineer
3,3,9,7,5,5,6,9,5,6,10,4,9,3,10,4,5,1,5,81,AI Engineer
8,7,10,6,7,8,6,4,4,6,10,1,5,5,6,6,2,2,8,93,AI Engineer
5,0,5,2,5,5,7,5,4,5,10,5,3,6,8,6,3,3,5,100,AI Engineer
6,6,7,6,6,10,5,8,9,7,9,8,7,7,5,4,7,7,8,44,Data Analyst
8,6,4,6,8,5,8,6,7,2,10,8,7,6,6,6,5,5,7,99,AI Engineer
6,4,6,8,7,6,4,7,1,7,6,2,4,2,6,6,2,7,4,100,Cybersecurity Engineer
6,5,2,5,2,4,3,3,4,7,8,8,9,3,9,5,3,10,8,87,Cybersecurity Engineer
6,2,6,2,6,9,2,0,3,8,4,9,2,3,10,5,9,10,5,99,Cybersecurity Engineer
0,5,9,10,3,2,6,9,5,3,8,10,8,5,8,6,5,5,7,100,Full Stack Developer
3,2,3,6,5,5,2,3,6,6,6,5,0,2,6,9,9,3,4,46,Cybersecurity Engineer
4,2,5,9,4,3,5,6,3,3,3,5,6,8,4,6,7,1,6,100,Full Stack Developer
5,4,6,10,10,6,3,9,10,5,0,6,5,6,8,4,10,0,6,87,Full Stack Developer
7,8,8,10,9,5,5,9,6,6,7,7,6,4,8,10,8,4,9,93,Full Stack Developer
6,4,10,2,0,8,7,3,5,6,10,8,6,2,5,0,3,7,8,100,AI Engineer
3,2,4,8,3,6,9,5,4,1,10,10,3,2,7,4,8,3,10,100,AI Engineer
6,8,5,9,10,6,7,7,5,7,3,6,9,8,4,8,6,4,8,70,Full Stack Developer
4,4,2,9,4,6,10,3,10,3,10,5,1,3,6,5,4,3,5,52,AI Engineer
10,7,10,5,4,3,4,6,2,2,4,6,6,9,6,3,5,8,6,69,Cybersecurity Engineer
1,4,3,6,8,9,4,4,5,7,3,4,3,6,7,8,9,8,6,100,Cybersecurity Engineer
5,3,6,7,5,7,7,4,9,3,8,5,5,9,9,7,6,10,10,100,Data Analyst
7,5,3,9,4,5,5,3,1,10,4,2,3,4,6,6,4,10,7,75,Cybersecurity Engineer
5,8,6,10,9,9,5,10,10,0,7,8,6,6,6,6,5,7,9,95,Full Stack Developer
4,5,2,8,7,8,8,8,5,2,10,9,2,4,9,6,7,3,8,76,AI Engineer
5,1,4,4,5,6,6,6,3,6,7,5,10,5,4,4,6,7,7,92,Cybersecurity Engineer
3,5,5,3,1,5,2,9,6,5,3,6,5,3,6,8,5,6,2,59,Cybersecurity Engineer
7,5,8,3,9,5,6,10,1,3,10,6,6,3,3,5,10,3,7,100,Full Stack Developer
10,8,6,6,0,3,7,3,6,7,8,6,7,1,6,3,6,4,5,77,AI Engineer
0,5,6,2,3,6,6,0,4,9,9,7,5,6,8,3,4,9,8,94,Cybersecurity Engineer
5,6,4,9,6,5,4,4,6,8,7,10,4,3,3,4,8,5,7,74,Cybersecurity Engineer
2,8,4,2,5,4,3,7,5,10,7,5,4,8,5,5,7,7,9,100,Cybersecurity Engineer
6,1,1,4,4,6,8,7,8,6,7,7,5,6,9,3,5,5,5,100,Data Analyst
4,0,10,6,2,6,7,4,3,8,5,6,8,6,5,4,6,10,7,100,Cybersecurity Engineer
10,7,4,3,9,7,9,4,8,5,9,1,6,3,7,4,9,3,7,90,AI Engineer
10,3,4,8,5,6,10,5,6,1,10,9,4,6,8,4,3,3,4,100,AI Engineer
4,9,5,10,7,6,1,8,1,5,2,8,10,6,7,7,4,6,8,100,Full Stack Developer
8,3,8,3,4,3,4,3,6,8,6,8,6,5,5,5,10,8,8,100,Cybersecurity Engineer
8,6,5,3,7,4,8,4,2,2,5,9,3,8,7,6,5,3,7,100,AI Engineer
3,1,3,5,1,10,7,5,10,6,10,7,7,6,10,5,4,1,2,100,Data Analyst
5,5,5,10,10,5,4,4,7,1,7,8,4,9,6,8,4,6,3,100,Full Stack Developer
5,7,8,1,5,6,9,5,8,5,7,4,3,6,9,6,2,5,8,100,Data Analyst
3,9,5,4,3,8,10,1,8,4,4,2,8,0,3,7,6,6,3,81,Data Analyst
3,7,3,3,4,4,10,4,8,4,10,7,4,7,6,10,8,2,6,100,AI Engineer
8,6,6,2,5,7,10,6,9,7,8,6,5,1,6,3,9,1,8,84,AI Engineer
4,6,6,8,6,7,4,10,7,7,5,4,5,6,4,8,8,5,4,97,Full Stack Developer
6,6,4,6,6,9,6,2,3,7,10,7,7,1,10,10,6,9,3,80,AI Engineer
9,6,3,2,2,7,7,3,6,2,10,3,9,5,9,2,2,3,5,100,Data Analyst
4,2,7,4,7,7,8,2,5,4,10,5,3,6,8,4,2,5,3,100,AI Engineer
5,4,4,5,6,9,2,4,10,9,10,6,8,8,5,7,2,4,5,100,Data Analyst
0,1,2,0,5,7,6,1,10,1,10,7,6,5,5,1,6,4,5,90,Data Analyst
10,3,6,3,2,9,10,2,7,0,10,4,6,0,5,7,3,3,9,100,AI Engineer
6,6,3,2,5,7,3,8,10,4,10,7,7,6,5,6,7,4,8,60,Data Analyst
8,5,3,8,9,10,7,9,0,3,7,5,8,7,5,9,5,3,7,100,Full Stack Developer
6,2,4,8,9,3,0,8,5,0,6,6,5,10,9,4,4,4,10,100,Full Stack Developer
8,2,4,10,8,1,8,9,7,3,8,7,7,8,6,4,3,7,8,88,Full Stack Developer
7,4,4,2,5,10,9,3,5,2,5,8,2,0,8,6,4,6,2,100,Data Analyst
5,6,0,3,8,3,2,1,7,2,10,2,4,7,2,6,7,9,1,99,Data Analyst
7,5,3,7,2,3,5,4,7,1,9,10,6,5,7,6,7,5,7,99,Data Analyst
8,5,7,3,6,10,7,4,8,7,9,6,5,5,4,0,5,10,5,86,Data Analyst
5,0,7,3,2,9,5,3,8,2,5,5,5,3,4,10,6,5,7,100,AI Engineer
8,4,4,3,7,6,6,1,7,5,9,8,2,1,4,7,3,5,6,100,AI Engineer
8,7,3,5,2,6,7,6,3,3,10,2,10,3,3,7,5,3,7,100,AI Engineer
9,8,2,7,1,3,5,3,7,7,8,10,10,8,5,6,5,4,9,100,Data Analyst
4,4,5,7,6,10,8,9,10,5,8,5,0,5,7,5,5,1,5,94,Data Analyst
2,10,0,2,4,5,10,1,7,3,10,6,5,4,6,5,9,3,3,100,AI Engineer
4,6,4,3,5,0,6,1,3,5,9,9,3,9,10,7,10,10,6,100,Cybersecurity Engineer
7,8,6,10,6,3,3,9,6,0,2,7,9,8,0,3,7,5,9,100,Full Stack Developer
8,8,2,1,7,2,5,3,3,5,4,9,4,1,5,1,6,10,7,100,Cybersecurity Engineer
6,5,2,0,9,5,7,7,4,3,7,8,1,1,6,3,4,0,7,77,AI Engineer
3,3,2,5,7,10,7,6,10,2,6,6,2,9,10,9,6,6,4,100,AI Engineer
6,3,4,2,5,7,5,2,6,10,5,4,7,5,8,5,4,5,5,100,Cybersecurity Engineer
6,7,6,5,2,5,6,1,4,7,3,6,7,4,10,8,5,10,0,100,Cybersecurity Engineer
7,6,3,5,6,10,5,3,10,7,10,6,4,3,4,3,7,4,8,100,Data Analyst
6,4,2,1,7,4,6,2,10,2,8,2,8,8,5,5,7,3,9,87,Data Analyst
6,6,4,5,3,8,8,2,4,6,9,10,5,7,6,4,7,7,7,100,Data Analyst
4,7,9,3,4,3,8,6,8,7,7,0,6,6,8,4,5,8,7,100,AI Engineer
6,6,2,5,3,5,10,0,7,5,10,7,4,5,8,8,5,2,7,64,AI Engineer
3,3,9,5,4,10,7,4,7,10,5,4,4,5,6,4,3,10,5,76,Cybersecurity Engineer
2,9,0,1,3,6,4,3,10,7,9,8,5,7,7,4,5,5,8,100,Data Analyst
8,1,6,0,6,5,9,4,4,4,6,8,5,5,4,5,3,6,4,100,Cybersecurity Engineer
10,1,7,2,3,8,6,5,6,4,9,3,10,10,7,10,4,7,8,92,AI Engineer
10,5,6,10,2,10,7,3,7,3,10,5,7,4,6,5,2,7,7,100,Data Analyst
4,3,6,10,10,3,4,9,6,5,3,6,1,7,5,3,7,3,9,95,Full Stack Developer
4,8,8,2,7,3,6,2,9,6,8,4,7,5,4,5,5,6,6,100,Data Analyst
3,2,0,10,2,5,4,9,3,8,8,3,5,9,5,5,8,5,10,76,Full Stack Developer
6,7,3,5,7,5,6,6,3,5,7,5,6,3,9,2,3,8,9,100,Cybersecurity Engineer
10,8,5,6,0,1,4,2,0,10,4,6,10,6,2,9,7,10,0,100,Cybersecurity Engineer
3,1,5,1,0,7,10,7,8,7,5,7,3,1,9,3,1,5,7,100,AI Engineer
3,4,5,3,2,5,0,4,10,9,4,9,10,6,4,4,2,5,8,100,Cybersecurity Engineer
5,2,2,4,6,5,5,3,8,3,10,8,8,5,7,5,7,7,3,93,Data Analyst
6,5,0,3,1,10,9,1,10,7,7,4,3,3,4,0,3,7,5,91,Data Analyst
10,9,7,7,5,5,2,9,7,10,9,7,7,4,6,5,5,5,6,54,Data Analyst
6,6,4,7,5,10,0,3,5,4,10,6,8,4,2,7,7,5,10,100,Data Analyst
8,3,8,4,3,8,7,9,3,10,6,5,8,5,7,5,4,10,8,100,Cybersecurity Engineer
5,5,6,4,0,3,6,3,0,9,3,7,1,8,3,9,5,10,7,87,Cybersecurity Engineer
8,3,1,7,1,9,6,2,10,6,10,7,5,3,5,5,8,3,7,100,Data Analyst
7,5,8,8,5,3,7,5,1,9,7,4,10,4,5,7,8,9,8,100,Cybersecurity Engineer
7,3,3,3,3,9,8,8,5,5,10,7,4,4,7,5,6,2,5,72,Data Analyst
8,7,5,6,3,7,8,4,6,6,8,6,8,10,6,7,10,8,7,81,Cybersecurity Engineer
4,5,5,2,4,10,5,0,5,3,6,8,2,7,9,2,6,8,6,77,Cybersecurity Engineer
10,6,1,5,8,4,5,3,8,10,6,9,9,10,6,2,4,9,5,80,Cybersecurity Engineer
6,4,5,6,6,3,8,9,6,4,9,5,2,6,8,3,6,3,4,57,AI Engineer
6,5,1,7,4,10,5,2,5,4,9,4,6,4,6,3,3,3,5,88,Data Analyst
3,5,7,3,1,4,4,5,5,5,7,8,6,3,3,6,5,10,10,65,Cybersecurity Engineer
5,0,4,3,4,3,0,1,5,3,7,8,7,6,6,4,5,6,10,94,Cybersecurity Engineer
9,3,3,10,6,5,6,6,6,6,4,10,6,7,3,8,5,4,7,91,Full Stack Developer
8,3,8,10,10,5,4,7,6,5,2,4,6,6,9,9,6,6,5,100,Full Stack Developer
9,5,0,7,7,7,7,2,4,6,10,5,5,1,9,5,4,6,3,76,Data Analyst
8,6,4,6,1,7,5,4,3,10,7,9,10,4,6,3,2,10,7,78,Cybersecurity Engineer
5,3,3,4,3,4,4,7,3,9,2,6,8,4,8,6,7,6,7,76,Cybersecurity Engineer
8,8,3,0,2,7,1,6,0,6,7,8,7,8,6,4,6,9,8,95,Cybersecurity Engineer
10,1,7,5,6,7,4,6,6,6,8,7,6,2,9,7,10,4,5,100,Data Analyst
4,3,5,1,5,10,8,4,6,1,7,6,6,7,6,8,8,5,9,90,AI Engineer
5,5,8,6,6,3,3,8,7,1,6,4,4,7,7,8,3,6,4,57,Full Stack Developer
5,3,3,3,8,2,2,6,3,7,7,4,8,6,7,3,4,4,2,100,Cybersecurity Engineer
7,4,5,10,10,3,5,9,1,0,3,6,7,5,8,0,7,4,10,54,Full Stack Developer
4,6,8,7,5,6,7,5,4,7,5,4,4,7,5,5,2,10,10,88,Cybersecurity Engineer
6,8,4,7,6,7,10,4,6,7,10,2,10,3,6,9,4,2,5,67,AI Engineer
7,4,8,6,2,5,4,2,4,6,10,2,0,4,1,7,6,7,5,100,AI Engineer
3,7,4,6,0,2,6,2,2,7,6,10,0,2,8,6,8,9,6,66,Cybersecurity Engineer
0,3,4,8,4,10,6,5,7,7,10,4,6,3,10,5,4,2,5,99,Data Analyst
4,2,3,10,10,7,6,9,0,2,7,2,0,10,6,4,5,6,8,100,Full Stack Developer
7,4,6,3,4,9,6,3,10,3,10,1,5,3,6,9,3,3,7,76,Data Analyst
9,6,0,5,7,6,10,8,5,4,7,5,2,5,5,6,6,1,8,100,AI Engineer
6,6,3,1,3,1,3,3,8,8,8,6,2,3,7,6,5,6,8,100,Data Analyst
8,3,3,4,5,1,10,4,2,6,10,9,5,6,5,7,4,4,6,100,AI Engineer
7,5,9,5,1,4,2,1,2,6,4,8,6,5,8,10,9,10,6,100,Cybersecurity Engineer
6,1,6,8,2,4,6,5,9,1,5,9,6,6,5,6,5,5,10,100,AI Engineer
8,7,3,10,7,8,9,10,2,5,8,7,9,9,7,6,3,4,4,100,Full Stack Developer
8,7,2,5,2,2,10,7,4,3,6,6,8,6,9,4,3,6,6,84,AI Engineer
10,1,5,9,7,7,7,2,9,3,9,3,3,7,7,8,5,1,7,91,AI Engineer
3,0,7,2,10,9,10,3,2,2,8,0,3,4,3,3,5,6,6,97,AI Engineer
7,10,4,2,1,9,7,4,1,4,10,8,1,7,4,5,6,5,7,96,AI Engineer
5,2,3,9,10,2,1,10,3,5,4,10,5,7,9,6,4,7,9,94,Full Stack Developer
5,8,6,3,3,3,10,2,5,6,7,3,4,5,7,5,10,4,5,83,AI Engineer
7,4,6,4,6,5,2,6,4,3,8,6,3,4,7,10,6,2,3,81,AI Engineer
4,3,1,5,6,1,7,7,3,10,4,6,6,6,3,6,2,9,8,91,Cybersecurity Engineer
10,8,4,6,7,5,10,3,9,3,10,7,5,3,10,1,3,2,4,100,AI Engineer
6,4,6,2,4,7,10,4,6,3,8,6,8,2,7,4,6,7,4,100,Cybersecurity Engineer
9,2,4,2,0,5,8,7,4,2,9,7,6,7,9,4,5,7,6,84,AI Engineer
5,4,7,6,7,3,5,6,8,3,10,5,5,7,9,3,3,5,10,94,AI Engineer
5,8,6,7,2,5,3,2,3,6,8,7,4,6,7,3,9,9,9,100,Cybersecurity Engineer
2,1,5,6,6,8,4,3,6,6,10,6,3,6,6,8,4,9,2,100,Data Analyst
6,7,8,4,5,7,6,4,8,4,6,5,7,3,6,3,8,4,7,90,Data Analyst
8,5,5,2,6,8,4,5,7,4,8,6,6,4,2,6,7,5,8,100,Data Analyst
10,4,2,4,3,8,10,8,7,7,8,4,2,5,8,4,7,1,7,69,AI Engineer
6,4,4,8,10,3,6,7,6,10,2,7,8,5,6,4,6,6,8,85,Full Stack Developer
8,4,5,5,5,6,6,3,7,10,6,6,4,5,7,6,4,10,6,63,Cybersecurity Engineer
8,10,7,10,10,8,4,10,10,4,0,2,6,5,6,7,7,4,6,100,Full Stack Developer
3,3,7,7,10,7,2,7,6,2,4,9,5,7,4,7,6,8,5,60,Full Stack Developer
9,7,8,6,5,8,7,5,5,9,6,5,5,3,9,10,2,10,4,70,Cybersecurity Engineer
10,7,7,3,2,9,5,1,6,0,10,4,8,7,6,7,7,8,1,100,Data Analyst
9,6,7,2,7,5,0,7,5,10,10,9,10,3,10,5,7,8,8,81,Cybersecurity Engineer
4,1,3,6,6,7,6,2,2,7,9,8,3,6,4,6,4,10,7,81,Cybersecurity Engineer
10,4,6,1,4,7,8,4,7,4,2,6,9,4,5,7,7,3,6,83,Data Analyst
5,2,6,5,8,8,9,6,5,5,9,8,4,4,4,5,5,6,3,100,Data Analyst
5,5,7,10,8,4,7,6,5,7,4,5,6,6,6,2,5,7,8,100,Full Stack Developer
9,4,2,1,4,9,8,4,5,8,8,0,8,2,5,6,4,6,10,80,Data Analyst
4,5,7,7,6,5,6,4,2,8,4,4,5,5,7,6,4,10,4,72,Cybersecurity Engineer
3,6,8,2,3,6,8,7,5,7,9,5,2,8,4,1,7,10,9,100,Cybersecurity Engineer
5,0,6,2,5,7,7,6,7,7,9,3,8,9,4,3,6,2,7,100,Data Analyst
6,7,5,2,4,7,9,3,9,6,5,5,5,5,6,3,3,5,9,100,Data Analyst
7,4,3,2,4,8,6,4,8,6,7,6,3,7,8,7,6,3,10,96,AI Engineer
4,6,5,7,10,6,2,9,3,5,2,8,5,5,6,8,7,2,5,100,Full Stack Developer
2,8,4,7,6,7,3,9,8,2,5,4,5,10,2,6,9,7,4,83,Full Stack Developer
6,5,2,6,10,3,7,6,5,5,4,8,5,4,5,9,8,5,10,87,Full Stack Developer
6,5,4,5,4,5,6,4,6,4,10,5,8,9,5,7,6,5,3,100,Data Analyst
8,4,5,3,9,5,1,3,10,4,8,6,9,4,6,4,4,6,9,100,Data Analyst
3,6,4,3,4,10,6,5,6,3,10,8,4,2,6,5,5,5,6,100,Data Analyst
8,3,2,6,4,8,5,6,9,6,9,7,6,3,5,1,6,6,4,80,Data Analyst
5,2,6,9,9,6,5,4,5,4,4,8,7,2,8,5,1,4,5,100,Full Stack Developer
1,0,3,5,4,8,7,3,5,2,7,4,3,1,7,8,8,1,6,100,Data Analyst
3,8,9,6,3,6,5,6,10,6,10,6,7,6,3,8,10,5,3,100,Data Analyst
7,1,2,5,10,6,6,4,7,3,8,8,2,4,8,4,4,0,3,100,Data Analyst
5,9,1,4,2,8,2,5,10,3,7,6,6,8,8,7,6,8,7,81,Data Analyst
4,2,8,3,5,9,8,8,5,8,9,8,5,5,8,6,7,3,4,100,Data Analyst
3,3,5,4,4,7,9,6,3,4,10,8,2,6,2,5,9,2,4,100,AI Engineer
6,0,8,6,2,8,4,9,1,9,8,3,8,6,5,7,6,9,3,100,Cybersecurity Engineer
9,3,7,1,5,6,10,3,2,2,8,8,8,6,9,6,5,5,7,62,AI Engineer
6,0,10,5,2,10,4,4,4,10,5,3,9,5,5,9,7,9,5,89,Cybersecurity Engineer
2,3,5,6,5,8,4,7,8,4,10,4,3,7,7,7,4,5,5,100,Data Analyst
7,5,8,6,9,8,9,1,5,5,10,8,5,6,8,5,9,0,8,100,AI Engineer
2,4,3,8,7,9,6,4,7,4,6,8,8,5,7,2,6,5,1,90,Data Analyst
7,1,5,4,6,0,1,1,3,9,4,7,6,9,5,7,5,6,8,97,Cybersecurity Engineer
5,4,3,7,6,5,4,5,6,0,8,8,8,5,3,7,5,3,2,98,Data Analyst
3,4,1,4,2,4,7,6,6,0,7,5,9,4,9,2,7,6,7,86,Data Analyst
4,6,1,10,7,7,0,6,2,5,3,7,5,9,6,9,5,6,7,98,Full Stack Developer
9,7,3,1,4,8,8,6,8,6,10,8,4,1,9,8,3,6,10,76,AI Engineer
7,9,6,10,10,6,8,10,2,10,4,10,6,6,4,5,6,9,7,80,Full Stack Developer
5,6,9,4,4,7,8,6,10,10,10,5,8,4,8,1,3,9,5,100,AI Engineer
6,4,5,4,9,2,0,6,0,5,4,7,4,4,8,4,6,10,7,100,Cybersecurity Engineer
5,2,4,9,5,7,4,5,1,6,4,0,8,8,7,6,6,4,6,100,Full Stack Developer
2,9,4,6,5,3,6,3,3,8,9,6,7,6,5,7,5,7,8,100,Cybersecurity Engineer
6,6,6,9,9,5,6,8,6,4,5,5,2,5,5,2,5,3,7,100,Full Stack Developer
10,5,6,5,9,7,5,4,5,10,4,8,5,6,6,6,9,9,2,87,Cybersecurity Engineer
4,4,7,4,5,5,10,9,6,5,10,9,8,2,6,4,10,6,4,100,AI Engineer
7,6,1,4,3,3,5,7,4,10,6,3,4,10,10,7,4,8,6,88,Cybersecurity Engineer
8,2,5,3,3,3,5,0,6,10,4,7,7,1,10,7,3,6,7,100,Cybersecurity Engineer
6,10,6,5,4,5,2,3,4,7,4,7,7,3,3,7,9,9,5,100,Cybersecurity Engineer
7,8,2,10,9,10,1,8,6,3,4,9,7,4,2,7,7,7,7,100,Full Stack Developer
6,6,3,0,7,8,9,8,4,0,9,7,2,5,5,1,4,2,6,75,AI Engineer
5,9,6,10,7,5,5,8,6,6,5,10,5,4,3,9,5,8,7,80,Full Stack Developer
6,7,2,9,7,5,2,10,4,1,3,0,10,7,8,8,5,0,5,99,Full Stack Developer
2,5,1,4,5,4,6,1,10,9,8,8,2,3,5,5,4,10,3,90,Cybersecurity Engineer
5,8,5,7,9,10,6,7,10,7,10,7,4,3,4,10,2,6,9,91,Data Analyst
2,5,0,5,7,7,1,10,7,5,7,4,4,7,8,8,5,4,6,100,Full Stack Developer
5,8,4,1,6,5,5,4,9,6,5,7,6,10,9,7,3,5,6,100,Cybersecurity Engineer
5,7,6,7,10,6,8,5,7,3,6,7,3,3,5,4,1,7,5,86,Full Stack Developer
6,1,2,8,5,3,10,5,7,3,9,7,5,10,4,8,5,5,7,93,AI Engineer
4,5,2,1,6,8,5,4,10,7,9,6,4,3,6,4,0,0,6,100,Data Analyst
8,4,3,8,10,7,4,10,6,5,3,9,9,4,4,8,7,4,5,99,Full Stack Developer
7,6,8,2,0,10,3,10,5,6,8,2,10,7,10,3,10,10,7,90,Cybersecurity Engineer
9,5,4,4,4,10,8,5,5,6,7,9,7,5,8,5,7,5,8,93,Data Analyst
7,5,5,1,3,5,8,5,9,3,10,2,8,3,2,0,6,6,6,98,Data Analyst
8,1,7,8,8,10,10,4,9,3,10,6,1,0,10,6,9,4,3,94,Data Analyst
6,5,1,1,8,4,10,1,7,4,9,9,1,7,8,10,2,3,7,91,AI Engineer
7,4,8,4,3,7,8,3,10,6,9,6,5,5,5,6,2,2,8,95,AI Engineer
6,4,6,5,3,6,8,5,10,6,7,6,5,4,9,3,7,5,7,100,Data Analyst
6,5,4,10,10,3,5,8,3,1,4,9,6,6,6,5,3,8,3,100,Full Stack Developer
7,1,1,0,0,6,4,5,3,3,6,6,4,7,5,2,5,4,9,99,Data Analyst
8,7,3,3,2,6,5,5,5,2,10,6,6,7,4,10,6,9,4,92,AI Engineer
5,7,3,7,8,4,3,8,2,0,8,4,6,5,9,5,0,3,6,100,Full Stack Developer
6,5,5,6,7,5,6,9,8,3,9,5,6,2,5,10,7,0,8,100,AI Engineer
10,2,5,2,7,8,10,6,6,4,7,10,7,4,9,3,6,4,7,79,AI Engineer
4,6,5,5,4,6,5,2,7,10,8,6,5,5,6,7,7,10,5,100,Cybersecurity Engineer
6,8,3,3,1,5,3,8,6,10,4,8,4,6,8,5,5,10,5,100,Cybersecurity Engineer
6,9,6,7,5,10,4,5,9,10,10,5,5,0,10,0,5,9,7,100,Data Analyst
3,5,5,6,3,10,5,5,9,0,10,8,6,6,4,8,4,5,9,100,Data Analyst
3,7,3,7,2,10,5,3,8,6,10,7,6,4,5,5,4,4,5,100,Data Analyst
7,4,2,2,6,8,8,2,5,5,8,7,7,9,9,3,6,2,8,100,AI Engineer
6,3,5,6,2,6,6,4,2,7,4,10,6,7,6,3,9,8,10,53,Cybersecurity Engineer
4,7,6,1,5,4,5,2,3,7,8,3,4,6,4,0,6,7,5,98,Cybersecurity Engineer
3,6,6,0,3,8,4,3,6,2,8,4,2,7,8,9,6,6,7,100,Cybersecurity Engineer
7,2,2,10,7,5,3,10,3,5,5,5,4,8,6,7,3,3,10,95,Full Stack Developer
9,6,6,9,3,5,8,2,4,5,9,10,2,8,9,4,2,0,4,100,AI Engineer
3,5,7,9,8,6,7,5,3,6,5,7,6,3,8,5,6,10,2,77,Cybersecurity Engineer
7,5,7,6,6,10,3,9,10,1,8,6,1,3,5,4,4,2,3,100,Data Analyst
5,3,3,5,4,6,6,8,7,4,8,7,5,10,3,2,0,0,7,100,AI Engineer
5,5,6,3,6,9,10,7,4,7,7,10,5,5,10,7,8,3,2,100,Data Analyst
8,5,10,2,2,6,10,1,10,1,9,7,5,6,5,1,4,3,6,100,Data Analyst
4,8,2,10,10,8,4,10,6,2,4,5,6,1,5,4,6,3,2,100,Full Stack Developer
6,4,5,3,6,9,10,3,2,5,10,3,4,7,6,3,5,8,5,100,Data Analyst
8,4,4,5,5,6,8,1,6,5,10,9,5,8,10,5,4,5,8,90,AI Engineer
1,4,5,9,10,6,2,8,7,1,7,6,9,8,5,6,6,6,9,99,Full Stack Developer
7,4,5,6,3,2,5,7,4,4,5,5,3,2,5,8,6,7,2,99,AI Engineer
5,10,3,8,6,4,10,9,8,5,6,4,7,7,7,5,6,5,7,100,Full Stack Developer
2,0,6,0,1,7,6,4,7,10,6,4,7,4,4,5,7,10,4,100,Cybersecurity Engineer
8,8,3,3,1,4,4,4,0,8,3,6,9,2,7,0,7,8,9,95,Cybersecurity Engineer
3,4,1,6,5,10,5,7,10,4,10,9,3,10,7,10,5,6,9,96,Data Analyst
4,5,4,9,6,5,6,6,3,3,3,9,8,5,4,4,5,6,5,100,Full Stack Developer
6,1,7,3,4,8,7,6,8,5,4,7,7,6,10,5,5,5,4,90,Cybersecurity Engineer
5,5,4,8,7,4,6,4,5,5,7,3,7,7,5,6,3,5,7,85,AI Engineer
3,9,2,8,10,3,5,5,10,0,3,4,3,7,8,7,8,6,5,100,Full Stack Developer
5,5,6,6,6,7,10,10,4,0,10,8,7,6,9,7,8,1,4,98,AI Engineer
7,8,4,6,0,7,6,2,9,8,8,8,7,9,8,3,6,2,7,46,Data Analyst
6,5,4,3,2,10,5,1,6,5,10,8,2,5,8,2,10,4,7,92,Data Analyst
7,7,0,8,1,2,5,6,7,4,6,6,3,2,5,8,5,6,10,100,Data Analyst
5,3,2,7,10,2,3,10,2,3,6,3,6,7,5,3,3,6,6,100,Full Stack Developer
7,7,2,8,4,4,6,7,6,8,7,6,6,4,5,6,5,10,3,84,Cybersecurity Engineer
8,3,5,1,3,6,3,5,5,10,2,10,2,3,10,6,4,10,5,79,Cybersecurity Engineer
4,7,10,3,4,7,5,1,4,6,9,8,5,3,8,0,3,3,5,60,Data Analyst
4,8,5,3,1,8,6,3,4,8,5,5,8,5,6,8,7,10,10,85,Cybersecurity Engineer
6,2,5,6,10,4,8,8,3,5,4,4,9,7,4,4,7,8,6,100,Full Stack Developer
3,0,4,3,6,9,4,8,6,2,3,7,6,7,3,8,0,1,7,100,Data Analyst
5,3,8,4,2,8,5,8,7,1,9,6,7,3,7,5,5,6,7,61,Data Analyst
3,6,7,9,7,3,6,4,4,9,6,5,9,8,8,5,4,10,5,100,Cybersecurity Engineer
4,9,1,5,2,1,8,7,3,7,10,4,4,9,8,3,7,4,8,100,AI Engineer
2,9,8,5,5,3,0,5,0,8,7,4,7,8,6,4,5,10,7,97,Cybersecurity Engineer
9,5,6,5,2,5,6,5,8,5,10,6,4,2,5,1,8,5,9,100,Data Analyst
6,2,3,1,5,4,2,1,1,5,7,6,5,5,7,6,3,6,4,100,Cybersecurity Engineer
9,7,4,5,7,8,3,4,5,4,3,5,10,3,7,6,3,2,3,100,Data Analyst
8,7,7,10,7,6,6,4,8,5,9,3,3,7,6,5,5,3,8,62,Full Stack Developer
3,0,3,6,3,5,3,3,5,8,6,3,2,5,10,6,4,5,4,100,Cybersecurity Engineer
9,3,8,3,0,8,8,3,8,5,7,9,8,4,8,2,8,5,3,100,Data Analyst
6,3,4,5,6,7,2,4,9,2,10,4,4,5,3,8,3,8,5,94,Data Analyst
2,7,3,10,7,10,7,5,4,2,4,6,7,4,3,8,8,2,10,48,Full Stack Developer
2,5,3,2,2,6,5,3,4,10,10,7,0,7,4,7,3,6,5,100,Cybersecurity Engineer
2,0,6,5,4,2,6,4,2,3,10,10,3,7,2,7,4,4,5,100,AI Engineer
7,10,6,7,9,4,5,4,5,4,4,7,8,4,9,5,8,6,5,88,Full Stack Developer
8,6,5,9,6,7,6,4,7,6,7,5,2,8,6,9,3,4,4,100,Data Analyst
7,8,5,7,1,7,5,4,6,10,4,6,6,6,7,8,8,10,7,66,Cybersecurity Engineer
5,5,5,4,7,3,8,8,2,2,4,5,5,6,6,3,3,3,5,85,Full Stack Developer
4,4,9,6,8,4,6,5,7,2,8,8,6,10,7,2,4,8,8,79,AI Engineer
0,8,4,3,2,3,5,4,3,7,8,7,3,2,1,6,6,7,4,98,Cybersecurity Engineer
7,7,7,6,10,5,5,8,3,5,7,8,4,0,3,6,7,5,5,100,Full Stack Developer
4,4,5,6,7,10,5,6,7,0,6,6,4,4,0,8,4,7,7,100,Data Analyst
7,7,6,5,6,4,5,5,5,9,5,5,4,8,7,6,3,1,5,80,AI Engineer
6,7,8,6,7,4,9,4,6,6,10,3,6,7,5,8,7,4,8,90,AI Engineer
3,8,6,5,7,4,4,8,1,4,8,5,4,3,5,3,5,6,8,89,Full Stack Developer
8,2,6,10,6,6,6,5,5,6,6,4,8,1,8,7,3,8,5,100,Full Stack Developer
10,4,4,0,1,4,7,5,5,7,5,5,3,7,9,9,3,9,5,51,Cybersecurity Engineer
8,5,2,1,6,8,8,7,6,4,8,2,9,8,3,4,5,3,4,100,AI Engineer
7,4,0,6,6,5,10,3,6,9,9,7,5,7,6,1,5,3,5,100,AI Engineer
6,5,9,7,7,7,9,4,2,5,9,6,7,7,7,7,9,5,10,100,AI Engineer
7,5,7,7,1,2,2,7,7,10,3,7,7,3,8,8,4,10,3,100,Cybersecurity Engineer
6,6,9,9,8,10,2,9,6,10,5,4,4,4,7,6,3,4,5,79,Full Stack Developer
8,6,8,10,10,8,5,4,0,5,2,3,6,9,5,7,7,7,10,95,Full Stack Developer
6,4,5,7,5,6,8,6,0,8,8,7,1,3,3,7,7,9,9,100,Cybersecurity Engineer
10,3,5,1,5,6,4,4,5,6,4,0,3,6,4,6,2,8,4,87,Cybersecurity Engineer
4,5,4,3,5,3,0,4,9,8,5,7,4,0,2,5,5,10,5,100,Cybersecurity Engineer
2,8,3,6,10,8,1,3,6,6,3,3,8,8,5,2,5,5,4,100,Full Stack Developer
3,10,5,9,9,7,3,7,5,0,3,5,10,9,9,7,6,6,9,100,Full Stack Developer
4,3,6,5,7,8,3,0,4,6,9,6,4,10,5,6,4,3,7,90,Data Analyst
3,7,7,9,6,5,6,8,5,3,9,5,5,10,5,8,5,6,8,79,Full Stack Developer
4,5,7,5,6,5,4,6,3,3,5,8,5,7,8,4,7,4,7,95,AI Engineer
8,7,5,10,8,8,6,8,0,3,4,7,6,9,4,7,9,1,5,100,Full Stack Developer
5,5,10,5,2,5,4,5,8,8,4,5,5,5,5,5,7,3,7,92,AI Engineer
8,6,6,2,3,8,5,3,8,6,9,6,6,2,5,4,6,6,6,83,Data Analyst
7,3,4,4,6,4,8,5,7,6,10,6,3,4,10,9,5,5,5,85,AI Engineer
6,6,10,8,9,6,6,9,4,0,0,6,4,6,4,10,5,6,8,53,Full Stack Developer
5,6,2,7,10,6,9,5,5,5,10,6,5,7,7,6,7,6,5,95,Cybersecurity Engineer
5,4,1,5,5,7,2,4,3,8,5,5,7,6,6,5,7,9,4,100,Cybersecurity Engineer
6,4,6,10,6,8,4,7,5,5,7,5,6,8,7,6,9,6,10,65,Full Stack Developer
5,8,4,1,4,5,8,5,4,6,8,5,6,5,6,6,5,3,6,100,AI Engineer
5,3,8,4,3,4,4,3,2,6,3,2,5,3,7,5,6,5,6,100,Cybersecurity Engineer
9,6,5,3,2,2,8,8,6,7,4,6,6,5,6,3,4,7,8,100,Cybersecurity Engineer
2,4,5,4,10,7,1,4,3,4,7,8,6,7,7,8,6,6,10,77,Cybersecurity Engineer
5,8,4,4,7,9,6,7,9,4,10,5,6,5,6,6,5,6,2,89,Data Analyst
5,3,7,5,3,6,3,6,7,4,10,2,8,4,6,6,5,9,4,78,AI Engineer
2,2,5,2,2,2,6,3,7,4,6,9,4,0,9,3,7,0,7,100,AI Engineer
10,1,3,6,7,9,5,7,5,4,10,5,5,5,6,8,6,0,6,79,AI Engineer
5,7,5,9,9,9,0,9,4,3,3,3,8,6,7,8,5,6,9,79,Full Stack Developer
8,6,8,9,6,6,3,5,9,4,9,4,5,4,9,7,0,6,7,100,Data Analyst
2,6,6,2,1,10,7,3,10,5,10,6,0,6,7,4,3,3,4,100,Data Analyst
5,9,6,6,9,6,3,9,6,2,3,6,2,4,4,9,4,5,7,100,Full Stack Developer
9,4,7,6,8,4,5,3,7,3,5,6,4,2,2,7,4,3,6,100,Full Stack Developer
6,7,4,4,4,7,4,3,9,4,10,6,6,6,10,8,8,4,9,91,Data Analyst
4,4,10,5,5,8,8,5,7,4,10,7,6,5,4,0,6,5,4,100,Data Analyst
8,6,4,2,5,6,5,1,4,6,10,5,5,8,8,10,9,3,5,100,AI Engineer
5,6,7,5,7,6,9,4,3,6,7,10,8,7,6,3,8,10,6,100,Cybersecurity Engineer
1,8,6,6,10,7,2,8,0,8,9,4,3,3,6,4,1,7,4,91,Cybersecurity Engineer
4,4,6,7,5,8,6,2,5,3,8,4,6,4,0,4,4,5,4,89,Data Analyst
7,4,2,3,0,7,6,7,8,4,10,3,8,4,5,6,7,4,4,100,Data Analyst
9,9,5,2,7,6,10,7,1,9,5,8,7,10,7,5,8,7,6,82,Cybersecurity Engineer
8,1,3,2,7,8,10,3,7,10,10,7,6,2,8,5,6,2,6,75,AI Engineer
8,3,4,0,1,6,7,5,6,1,10,3,9,1,7,2,7,3,4,100,AI Engineer
5,6,5,2,4,8,3,0,8,6,9,5,7,6,5,2,1,10,6,94,Cybersecurity Engineer
5,2,5,8,4,7,4,2,8,3,10,6,4,9,8,3,4,3,5,100,Data Analyst
2,7,4,5,2,9,4,7,5,10,7,5,5,9,9,3,7,8,6,88,Cybersecurity Engineer
7,3,5,1,3,2,4,6,7,9,5,7,6,5,8,6,5,8,2,33,Cybersecurity Engineer
3,7,6,8,2,3,5,5,4,6,3,4,7,6,7,10,4,9,3,73,Cybersecurity Engineer
9,9,6,6,4,1,7,3,5,4,10,8,4,1,6,5,10,2,7,96,AI Engineer
6,5,5,3,2,6,5,6,7,6,5,3,3,0,4,4,5,6,4,87,Data Analyst
5,0,7,5,6,7,4,6,6,3,10,9,0,4,9,3,3,9,5,56,Data Analyst
3,6,3,4,6,6,5,5,2,5,7,7,2,6,10,3,4,7,5,57,Data Analyst
9,3,3,10,10,7,6,10,8,5,7,7,9,9,5,8,4,5,9,93,Full Stack Developer
6,3,3,5,2,8,7,5,7,3,10,4,2,8,6,5,4,5,2,100,Data Analyst
4,7,4,6,2,8,3,5,4,7,8,1,5,4,4,5,3,7,6,100,Full Stack Developer
7,4,6,7,10,3,8,1,9,3,6,8,9,6,10,7,9,2,5,91,AI Engineer
10,5,6,7,7,5,6,4,3,4,10,2,9,8,6,5,5,8,8,71,AI Engineer
7,4,5,3,5,4,2,5,7,0,7,9,5,7,3,6,7,4,6,100,Data Analyst
6,4,8,6,5,5,6,4,5,5,6,3,2,5,7,8,5,8,8,71,Cybersecurity Engineer
7,8,8,10,7,2,3,9,5,3,7,8,6,9,1,8,7,7,9,100,Full Stack Developer
9,10,1,4,6,8,7,5,9,4,10,6,4,3,4,6,2,2,5,92,Data Analyst
10,4,6,8,4,9,5,5,5,4,6,7,7,3,10,5,7,3,7,79,Data Analyst
3,4,3,9,4,10,5,5,7,4,10,4,6,2,7,3,5,5,8,100,Data Analyst
5,1,8,6,3,8,4,5,4,0,9,2,1,8,7,4,3,7,8,86,Data Analyst
7,9,3,4,10,7,2,1,5,0,3,7,6,10,5,4,8,7,7,100,Full Stack Developer
4,6,8,4,10,8,9,7,6,7,6,3,7,2,5,9,2,6,5,100,Data Analyst
9,7,2,7,4,8,8,9,3,4,9,4,7,3,4,4,9,9,7,100,AI Engineer
3,3,4,0,5,8,2,1,6,5,5,1,7,8,4,5,7,10,4,96,Cybersecurity Engineer
5,4,6,8,4,3,8,6,6,3,10,3,5,3,10,6,4,1,10,100,AI Engineer
7,4,4,3,4,5,10,8,8,5,8,5,5,4,8,7,7,8,4,100,AI Engineer
2,9,4,10,10,10,3,8,4,4,7,3,9,5,9,9,6,6,8,100,Full Stack Developer
9,9,8,10,8,6,4,9,4,2,3,8,8,10,6,5,3,5,10,100,Full Stack Developer
10,3,7,2,1,10,10,6,6,1,10,2,6,5,6,4,3,5,6,100,Data Analyst
3,7,5,0,2,3,7,5,6,5,10,6,5,6,4,6,8,8,5,100,Data Analyst
9,9,8,6,10,7,1,7,2,3,2,9,6,4,8,5,6,4,4,83,Full Stack Developer
4,7,0,3,8,8,9,4,9,7,6,9,3,1,7,3,6,10,6,100,Cybersecurity Engineer
6,1,5,7,4,6,5,4,6,4,7,7,6,4,8,5,7,3,6,63,AI Engineer
6,6,5,3,1,9,8,7,5,6,8,4,7,3,6,6,8,10,3,100,Cybersecurity Engineer
6,4,6,10,10,4,5,10,4,8,4,6,7,5,8,5,8,8,8,81,Full Stack Developer
10,4,7,4,2,6,6,2,1,4,8,6,5,6,10,7,7,4,6,100,AI Engineer
7,2,7,8,10,7,2,10,6,1,2,3,4,5,9,7,2,5,6,100,Full Stack Developer
8,6,5,4,1,8,6,5,7,3,9,7,2,10,4,4,6,9,0,100,AI Engineer
3,4,5,1,3,6,8,4,4,8,4,6,5,6,7,6,5,8,4,100,Cybersecurity Engineer
6,4,5,5,4,9,10,7,4,4,6,6,4,6,5,3,6,4,5,83,Data Analyst
2,4,8,4,6,7,7,4,9,4,5,3,4,7,3,5,10,7,4,90,Data Analyst
1,3,9,2,3,10,6,6,10,3,8,8,6,8,4,5,4,4,3,91,Data Analyst
5,0,6,5,7,4,5,7,10,6,8,4,2,5,9,4,8,7,6,82,AI Engineer
10,6,6,10,10,8,3,10,9,6,8,7,7,9,7,7,5,7,10,100,Full Stack Developer
7,9,9,3,4,6,1,5,6,10,8,8,9,0,7,1,4,8,9,93,Cybersecurity Engineer
5,2,2,7,10,3,5,8,2,3,4,6,9,8,4,5,2,3,3,100,Full Stack Developer
4,4,7,10,10,4,7,10,3,3,8,8,10,10,5,8,10,10,7,91,Full Stack Developer
7,7,5,8,7,7,4,3,4,6,4,9,3,7,5,5,2,5,5,100,Full Stack Developer
6,7,2,10,7,8,1,8,3,6,7,5,10,5,9,9,7,4,7,100,Full Stack Developer
6,7,6,1,5,10,5,3,8,6,5,8,3,7,9,4,7,10,6,100,Cybersecurity Engineer
9,5,6,2,6,6,7,6,5,3,5,5,7,9,8,3,5,4,5,100,Data Analyst
2,4,8,1,4,8,3,5,3,7,6,7,7,7,6,0,3,5,4,87,Data Analyst
4,2,5,10,10,9,1,7,5,7,9,2,7,8,5,10,5,3,5,96,Full Stack Developer
3,4,6,10,9,10,5,10,6,8,6,5,7,5,4,3,3,10,4,91,Full Stack Developer
3,2,3,7,5,5,6,5,6,4,4,7,5,1,6,4,5,10,5,100,Data Analyst
5,0,4,8,5,10,8,7,7,9,5,8,5,8,10,7,6,6,7,85,Cybersecurity Engineer
5,6,4,2,5,8,6,5,10,6,8,5,6,6,8,6,6,4,9,91,Data Analyst
7,4,7,3,0,7,10,2,2,5,10,6,10,7,8,2,6,4,4,93,AI Engineer
5,6,5,6,9,5,10,8,9,4,10,6,6,4,7,3,6,3,4,100,Data Analyst
6,5,7,6,0,5,7,4,5,6,7,7,9,2,5,6,5,6,3,88,AI Engineer
3,7,5,10,6,7,3,10,5,6,4,8,5,5,7,5,3,7,4,100,Full Stack Developer
10,4,6,4,7,5,4,3,1,3,2,5,5,6,7,4,7,7,9,100,Cybersecurity Engineer
7,5,4,8,9,7,8,9,9,1,5,5,4,3,8,7,10,3,4,94,Data Analyst
5,2,6,7,5,3,6,4,1,10,4,9,7,7,4,7,3,9,7,96,Cybersecurity Engineer
4,9,3,6,6,6,10,6,5,6,10,5,4,2,7,4,7,4,4,87,AI Engineer
6,5,5,7,10,7,9,9,5,3,2,5,7,5,4,5,4,9,7,95,Full Stack Developer
9,5,3,4,6,6,5,7,5,6,5,5,8,2,7,9,4,6,7,65,Data Analyst
2,6,6,2,3,5,4,7,3,10,7,6,3,2,4,8,4,10,1,94,Cybersecurity Engineer
8,3,6,7,4,5,5,3,10,6,4,6,4,2,4,4,8,6,8,87,Data Analyst
6,4,5,10,10,6,5,10,5,3,1,4,8,3,5,3,7,6,9,92,Full Stack Developer
7,4,4,6,2,5,5,6,6,5,10,6,3,5,6,3,3,4,5,75,Data Analyst
4,5,5,8,6,10,5,0,9,5,10,10,10,4,5,3,6,6,3,100,Data Analyst
5,2,6,10,2,3,3,8,2,6,3,5,4,6,3,5,4,9,4,98,Cybersecurity Engineer
6,7,5,7,3,5,8,0,10,6,4,8,5,3,2,5,5,7,7,89,Data Analyst
8,4,3,4,2,3,5,5,3,8,8,7,10,7,8,4,8,8,8,100,Cybersecurity Engineer
7,6,0,1,6,5,9,1,9,1,10,3,3,5,1,3,8,8,4,72,Data Analyst
8,4,2,7,8,5,7,6,0,0,3,7,9,3,4,6,9,0,5,100,Full Stack Developer
5,4,8,7,4,2,3,3,7,8,6,4,8,4,7,5,8,8,9,100,Cybersecurity Engineer
10,10,3,1,5,10,10,8,5,4,10,5,6,8,10,7,6,7,2,100,AI Engineer
4,7,4,10,6,6,2,3,7,3,10,8,3,3,4,4,7,3,2,100,Data Analyst
6,2,6,9,6,7,5,4,3,1,9,8,3,7,4,5,8,4,5,100,Data Analyst
10,5,8,1,5,1,7,4,9,6,8,6,7,1,6,7,4,3,6,100,AI Engineer
5,2,3,3,2,4,3,5,9,5,8,4,2,6,3,7,3,9,5,92,Data Analyst
3,8,3,1,4,7,1,0,7,6,5,7,3,4,7,4,4,10,0,100,Cybersecurity Engineer
7,5,4,0,3,10,7,5,9,6,10,5,8,5,7,0,6,6,6,100,Data Analyst
5,7,3,8,5,6,7,1,10,3,5,7,4,5,9,7,9,3,6,97,AI Engineer
4,3,5,0,9,4,8,3,9,3,10,4,8,0,9,5,7,5,7,92,AI Engineer
7,4,3,4,1,5,10,2,5,3,10,10,7,2,8,8,8,6,5,83,AI Engineer
8,8,3,3,7,6,6,0,6,2,5,5,7,7,2,7,6,4,5,97,Data Analyst
5,6,5,5,3,6,5,4,5,9,5,2,3,1,7,8,6,8,4,100,Cybersecurity Engineer
8,6,8,10,6,5,3,6,2,4,5,5,5,10,7,4,3,0,6,58,Full Stack Developer
5,7,2,7,6,6,3,5,4,7,7,5,1,7,5,5,6,7,8,100,Cybersecurity Engineer
3,2,1,5,3,4,9,3,7,8,8,7,6,6,3,1,4,4,5,86,AI Engineer
5,0,3,7,6,5,5,3,3,7,4,4,5,4,6,2,10,9,7,89,Cybersecurity Engineer
7,7,3,5,5,0,5,4,6,4,7,8,3,3,9,4,6,10,5,100,Cybersecurity Engineer
5,4,1,1,2,8,7,1,6,1,10,10,6,8,9,2,5,6,1,100,Data Analyst
2,10,9,7,8,6,5,5,3,5,9,7,9,6,4,1,6,5,6,95,Full Stack Developer
10,3,3,2,6,6,7,1,7,2,10,8,1,3,10,3,8,5,5,100,AI Engineer
7,4,6,3,2,7,5,4,6,1,10,2,5,5,10,4,7,4,4,95,Data Analyst
5,2,4,10,9,4,6,10,5,3,6,6,10,4,5,4,5,5,5,100,Full Stack Developer
8,9,6,6,6,5,2,5,6,2,5,8,3,2,6,9,9,4,3,100,Data Analyst
10,7,8,2,7,2,4,3,0,5,4,9,4,7,3,7,7,6,10,69,Cybersecurity Engineer
6,5,6,7,7,6,3,5,7,10,10,5,2,4,8,5,3,9,7,100,Cybersecurity Engineer
4,6,8,2,4,7,8,5,6,5,10,3,7,6,8,5,5,5,1,82,Data Analyst
4,5,8,5,6,4,4,6,3,3,2,7,5,5,4,5,6,6,2,100,Cybersecurity Engineer
9,3,5,6,5,8,6,4,8,5,10,8,5,4,8,3,3,1,9,100,Data Analyst
5,5,9,10,10,8,5,7,7,6,6,5,7,10,4,8,5,2,4,96,Full Stack Developer
1,5,7,6,9,4,6,0,3,10,5,7,6,10,5,4,4,10,8,75,Cybersecurity Engineer
4,3,7,5,6,5,6,9,3,7,5,6,7,6,6,7,2,10,8,100,Cybersecurity Engineer
7,4,6,4,7,3,5,2,1,7,9,7,4,6,2,3,5,9,7,100,Cybersecurity Engineer
2,5,2,3,7,7,6,5,4,4,7,10,6,5,6,4,10,9,6,90,Cybersecurity Engineer
3,2,9,8,8,6,7,5,3,4,5,8,3,1,2,7,7,1,8,87,Full Stack Developer
3,7,6,6,7,9,1,7,5,5,6,8,8,6,8,7,5,4,7,100,Full Stack Developer
6,4,6,6,6,7,9,5,9,6,8,4,7,5,4,4,10,1,1,83,Data Analyst
6,2,8,5,2,8,3,5,6,7,5,7,6,6,6,5,6,10,8,100,Cybersecurity Engineer
7,5,0,4,9,7,8,8,0,3,9,8,7,2,10,4,9,2,4,85,AI Engineer
6,2,4,9,10,8,5,6,6,5,3,6,1,10,6,9,4,6,5,65,Full Stack Developer
7,8,4,9,9,5,6,10,9,7,7,5,6,8,4,3,6,6,7,100,Full Stack Developer
3,5,7,9,8,5,3,8,4,8,2,10,5,7,6,3,9,4,10,100,Full Stack Developer
2,4,5,8,9,10,5,8,0,6,10,9,6,10,5,6,6,4,1,100,Full Stack Developer
5,8,4,8,3,5,1,4,3,7,3,10,7,5,9,10,8,10,8,100,Cybersecurity Engineer
3,6,6,2,0,3,6,4,4,4,8,0,8,6,6,4,6,8,5,100,Cybersecurity Engineer
7,2,3,4,4,6,5,3,8,10,10,7,8,3,4,6,5,5,3,81,Data Analyst
6,4,5,4,3,5,3,5,2,4,7,10,8,6,4,8,10,10,8,100,Cybersecurity Engineer
5,10,6,5,5,4,6,6,4,4,7,6,8,4,4,5,6,10,9,92,Cybersecurity Engineer
5,4,6,6,3,6,7,5,7,2,7,10,6,9,4,6,1,5,7,100,AI Engineer
5,6,2,7,9,7,3,8,7,6,8,9,3,5,8,5,4,9,8,86,Data Analyst
10,5,10,7,3,0,3,6,3,2,6,2,5,5,3,9,4,10,10,95,Cybersecurity Engineer
5,6,2,4,2,9,10,2,6,3,10,5,7,6,10,3,2,3,2,68,AI Engineer
8,5,0,2,2,4,10,4,4,2,10,6,4,4,8,6,6,3,5,98,AI Engineer
1,7,5,7,4,4,6,4,3,8,2,5,6,7,7,6,7,8,4,100,Cybersecurity Engineer
10,2,5,4,5,7,8,5,7,3,9,6,4,4,8,5,5,6,2,100,AI Engineer
8,5,8,4,2,5,2,3,5,8,8,5,0,5,1,4,4,10,6,100,Cybersecurity Engineer
7,6,1,5,4,6,4,7,6,7,2,10,5,7,9,6,5,9,9,100,Cybersecurity Engineer
7,3,5,10,9,9,4,9,5,6,2,7,3,5,8,9,8,2,6,100,Full Stack Developer
6,6,4,5,4,2,7,2,5,1,10,5,5,6,8,7,4,0,4,98,AI Engineer
5,6,4,10,9,7,9,6,0,6,9,4,10,6,8,7,5,8,10,80,Full Stack Developer
6,2,5,5,3,6,7,5,8,7,10,4,10,9,5,7,8,8,1,97,Data Analyst
5,5,7,5,7,7,2,9,2,2,8,6,4,5,8,8,3,4,8,94,Full Stack Developer
6,6,1,1,5,10,8,4,2,5,8,6,5,6,6,3,6,2,4,60,AI Engineer
7,2,6,7,4,9,5,2,5,2,10,6,6,10,5,0,6,5,4,100,AI Engineer
7,8,3,3,3,5,7,5,2,6,10,4,0,2,6,10,9,1,4,89,AI Engineer
6,2,3,10,4,8,10,3,6,8,10,6,4,2,6,1,5,2,6,82,AI Engineer
5,6,7,7,10,9,7,10,0,4,6,9,3,5,8,2,6,4,6,100,Full Stack Developer
9,2,2,5,4,2,7,3,5,5,10,8,4,6,7,1,5,8,6,57,AI Engineer
5,4,2,10,4,7,3,9,3,7,4,6,6,4,7,8,5,4,9,68,Full Stack Developer
7,4,5,5,5,7,8,5,6,3,9,6,4,3,5,2,9,4,6,76,Data Analyst
10,2,5,10,5,10,3,8,7,6,8,10,2,7,8,3,9,9,10,100,Full Stack Developer
5,5,3,7,7,4,7,6,4,6,10,4,5,3,8,3,4,6,10,100,Data Analyst
0,2,9,10,7,7,6,8,4,5,6,7,3,10,10,2,6,10,9,100,Full Stack Developer
5,3,3,4,3,3,5,6,3,8,6,4,6,7,5,10,8,10,7,100,Cybersecurity Engineer
4,9,10,7,5,6,4,5,4,7,8,3,8,1,8,1,10,7,6,100,Cybersecurity Engineer
7,3,6,5,5,2,5,7,7,7,3,6,6,10,7,7,5,7,7,100,Cybersecurity Engineer
0,6,5,7,6,4,1,6,1,2,3,6,3,5,3,4,1,8,7,76,Full Stack Developer
5,10,8,6,5,8,0,5,5,8,9,10,5,5,6,5,10,8,2,62,Cybersecurity Engineer
4,10,5,8,9,9,7,4,4,6,6,8,9,7,8,9,7,4,8,100,Full Stack Developer
7,4,7,2,1,8,7,6,3,0,7,6,5,8,7,10,6,0,10,69,AI Engineer
5,4,4,6,3,8,4,7,9,4,9,4,3,5,2,5,6,2,6,93,Data Analyst
7,3,9,9,10,6,6,5,8,4,6,3,7,4,6,4,6,4,4,82,Full Stack Developer
6,6,1,7,3,4,9,7,8,5,10,1,4,4,10,4,9,5,5,76,AI Engineer
6,0,3,7,4,6,6,8,9,10,9,6,2,7,5,6,3,3,3,98,AI Engineer
4,3,5,3,0,10,7,5,10,1,10,10,9,5,8,3,4,9,8,100,Data Analyst
6,4,1,3,5,7,4,4,6,4,4,1,3,6,0,5,4,7,4,100,AI Engineer
7,4,6,6,6,7,6,4,7,3,9,7,0,6,5,6,4,6,9,77,Data Analyst
7,5,5,9,7,7,8,6,7,7,5,8,5,10,10,5,10,10,5,100,AI Engineer
2,3,7,0,8,9,1,5,6,7,8,9,3,6,4,4,4,8,3,100,Cybersecurity Engineer
8,6,4,5,10,4,6,8,8,8,5,8,8,10,7,5,4,0,8,100,Full Stack Developer
9,0,3,2,3,2,9,4,9,2,9,8,5,5,5,7,7,2,6,100,AI Engineer
8,3,0,3,3,6,10,6,10,5,10,7,9,9,6,5,3,7,9,100,AI Engineer
6,5,5,0,2,7,10,5,7,6,8,6,5,9,7,3,2,2,7,98,Data Analyst
4,6,0,5,5,10,5,2,6,5,10,7,4,5,5,8,7,5,6,100,Data Analyst
0,5,10,10,10,4,4,10,7,3,2,6,10,2,8,6,4,7,4,100,Full Stack Developer
3,4,5,3,1,3,3,5,1,9,5,5,8,8,7,2,8,7,5,100,Cybersecurity Engineer
5,5,10,8,4,8,6,10,8,1,4,3,7,10,5,7,3,5,5,100,Full Stack Developer
5,5,1,3,3,7,5,0,3,7,6,5,7,10,9,8,5,9,9,100,Cybersecurity Engineer
4,6,7,5,7,4,4,1,3,4,4,8,0,3,10,5,2,9,5,100,Cybersecurity Engineer
6,6,4,3,3,7,9,0,9,8,6,3,6,4,9,2,3,8,4,100,AI Engineer
10,4,2,10,9,9,4,6,4,6,3,9,2,9,2,8,4,2,2,78,Full Stack Developer
6,0,2,3,2,9,5,8,7,6,8,3,7,2,10,4,7,5,5,100,Data Analyst
5,8,0,5,8,7,5,7,10,4,2,4,3,7,8,8,5,6,6,100,Full Stack Developer
5,7,7,6,9,8,6,5,6,2,10,8,0,8,5,5,5,1,5,100,Data Analyst
8,5,4,5,4,7,6,1,4,6,8,7,3,3,5,7,7,6,3,79,AI Engineer
0,5,2,10,10,8,7,8,4,10,1,10,8,7,4,2,4,7,2,100,Full Stack Developer
7,2,2,3,10,6,6,6,7,4,2,6,9,4,6,5,6,6,9,100,Full Stack Developer
6,7,0,6,4,7,7,4,4,4,6,9,0,10,8,6,7,10,5,100,Cybersecurity Engineer
2,8,5,1,5,9,7,9,8,3,9,4,4,5,7,5,5,5,7,66,Data Analyst
6,6,2,5,2,5,3,10,10,4,6,3,4,0,6,2,6,6,5,100,Data Analyst
3,6,6,7,1,5,6,5,4,5,8,8,8,5,4,6,5,8,4,100,Cybersecurity Engineer
6,5,2,0,6,4,7,6,5,7,5,3,5,3,9,7,6,9,9,48,Cybersecurity Engineer
7,1,5,4,4,4,6,5,4,5,3,4,3,5,10,5,4,8,5,73,Cybersecurity Engineer
8,3,7,9,0,10,3,2,9,4,9,10,5,7,5,6,7,6,3,96,Data Analyst
9,10,1,1,2,8,8,8,4,6,3,8,7,3,9,6,2,10,10,54,Cybersecurity Engineer
7,4,7,4,7,8,5,7,5,5,10,10,5,5,5,6,0,1,8,100,Data Analyst
6,7,5,7,0,6,4,6,4,10,3,4,6,5,4,4,4,6,7,74,Cybersecurity Engineer
8,7,7,8,6,6,6,3,7,6,10,8,7,5,7,6,9,4,6,100,Data Analyst
4,4,5,5,2,5,3,6,2,6,5,9,6,6,6,6,5,6,5,100,Cybersecurity Engineer
5,5,5,4,9,3,9,7,4,4,10,4,4,5,6,9,6,6,1,100,Data Analyst
5,3,8,4,4,4,6,3,3,4,8,6,5,6,6,2,6,4,6,100,AI Engineer
8,6,5,10,8,3,4,3,1,5,7,8,3,5,3,4,10,10,7,100,Cybersecurity Engineer
6,8,7,5,4,8,2,8,10,4,10,9,3,5,9,3,5,5,9,93,Data Analyst
3,3,5,2,6,6,7,7,4,9,8,6,6,6,6,7,6,10,3,96,Cybersecurity Engineer
7,4,4,5,3,6,1,3,5,6,4,8,7,8,7,6,6,10,8,85,Cybersecurity Engineer
6,6,2,3,8,5,6,6,8,5,10,3,4,7,6,4,9,6,7,100,AI Engineer
4,4,3,2,6,6,9,10,5,6,9,7,3,5,9,7,6,8,5,79,AI Engineer
9,5,7,3,5,7,7,8,7,6,9,9,4,4,6,6,8,8,3,90,AI Engineer
5,5,6,10,10,9,6,10,4,4,3,10,7,8,10,5,7,8,10,90,Full Stack Developer
4,2,7,3,7,7,5,5,7,6,7,6,9,7,9,6,7,9,6,72,Cybersecurity Engineer
4,2,6,8,10,8,5,7,7,4,5,3,9,6,9,4,6,7,8,69,Full Stack Developer
8,7,3,7,1,10,6,9,3,4,10,6,4,6,5,6,8,8,2,100,Cybersecurity Engineer
9,4,7,5,0,7,5,5,4,5,8,6,7,4,3,8,7,0,4,79,AI Engineer
6,2,10,7,10,7,4,5,7,3,7,6,7,5,6,3,4,6,7,94,Full Stack Developer
5,7,9,7,10,7,3,7,3,2,3,0,7,8,4,5,2,7,7,100,Full Stack Developer
4,3,5,4,5,7,4,3,4,5,4,4,4,6,6,6,6,10,5,100,Cybersecurity Engineer
8,6,4,5,3,7,4,0,5,8,8,7,4,7,5,3,7,10,6,85,Cybersecurity Engineer
5,5,7,5,5,10,5,7,9,1,10,5,1,4,3,6,9,5,7,100,Data Analyst
8,7,4,2,5,3,4,3,4,8,6,7,3,6,9,3,6,10,1,99,Cybersecurity Engineer
10,3,6,7,2,5,6,4,3,1,10,4,5,4,8,8,9,6,6,81,AI Engineer
9,3,4,7,5,8,5,2,4,8,5,9,6,8,9,6,5,9,9,98,Full Stack Developer
6,4,5,4,5,3,10,4,10,6,10,4,1,1,4,9,8,6,0,68,AI Engineer
6,7,7,0,7,7,8,4,8,6,7,6,2,2,5,7,6,6,7,100,AI Engineer
7,10,0,2,7,8,8,3,9,8,10,4,5,4,8,8,6,3,9,100,AI Engineer
8,5,3,10,4,3,0,8,8,3,3,9,8,10,6,6,9,5,8,57,Full Stack Developer
5,6,0,9,8,8,5,6,4,4,6,4,6,9,6,5,5,7,7,90,Full Stack Developer
7,7,5,9,8,2,0,7,3,5,5,6,8,6,1,5,9,1,7,100,Full Stack Developer
6,4,7,7,3,7,3,3,6,8,9,8,3,3,7,7,5,10,9,87,Cybersecurity Engineer
5,5,3,3,4,6,3,3,9,5,9,5,2,3,6,7,1,0,9,100,Data Analyst
5,3,8,6,4,4,5,2,4,8,3,6,10,10,6,4,5,9,6,100,Cybersecurity Engineer
2,6,7,8,10,5,2,10,8,4,5,10,6,7,6,5,5,2,8,84,Full Stack Developer
7,1,4,6,6,6,0,5,5,2,4,6,3,8,5,6,4,5,6,91,Full Stack Developer
5,9,4,10,10,7,9,8,6,2,4,4,2,10,6,10,3,4,5,72,Full Stack Developer
7,9,3,10,8,6,1,5,6,6,6,4,4,7,5,6,5,4,6,96,Full Stack Developer
8,2,3,5,10,3,6,8,10,4,10,7,9,4,5,4,7,5,3,100,Data Analyst
4,3,8,2,7,6,3,4,5,5,1,2,1,5,9,7,1,8,8,89,Cybersecurity Engineer
4,6,7,7,9,1,4,8,4,5,7,3,5,6,4,4,7,6,10,89,Full Stack Developer
2,10,3,8,8,10,9,6,8,0,8,9,10,5,7,4,7,5,7,100,Full Stack Developer
9,5,4,4,1,10,4,6,5,4,7,4,8,6,8,5,9,3,6,81,Data Analyst
8,7,7,1,5,4,7,7,7,4,8,3,8,7,3,4,3,5,6,99,Data Analyst
6,2,2,6,10,4,2,9,2,1,7,5,7,6,7,7,6,3,6,91,Full Stack Developer
8,8,7,7,7,7,5,6,7,6,1,6,5,8,1,3,5,6,7,100,Full Stack Developer
9,4,6,0,6,3,0,7,7,7,5,4,6,7,7,1,8,6,9,100,Cybersecurity Engineer
5,8,4,2,5,3,7,5,6,3,7,10,5,9,10,8,2,6,6,94,AI Engineer
5,5,4,5,4,7,5,4,5,7,9,5,5,3,5,9,6,4,10,100,Data Analyst
4,1,7,7,10,3,2,10,9,0,8,10,8,6,1,6,7,5,9,63,Full Stack Developer
4,4,2,7,6,2,9,9,7,2,10,6,4,6,4,1,6,6,4,57,AI Engineer
3,4,4,10,10,2,4,7,1,5,2,3,4,9,6,7,6,6,8,98,Full Stack Developer
4,7,7,10,10,2,3,7,8,5,3,5,5,9,10,8,8,8,8,100,Full Stack Developer
6,5,3,3,4,1,0,7,8,10,7,7,5,4,8,3,10,7,6,100,Cybersecurity Engineer
7,2,6,5,1,3,9,3,6,3,10,4,5,5,7,6,2,5,7,100,AI Engineer
6,4,7,8,1,5,8,2,7,4,10,6,4,10,9,7,7,6,9,100,AI Engineer
7,1,5,2,3,1,10,2,5,2,9,6,4,3,10,1,6,5,7,92,AI Engineer
8,5,5,6,3,8,7,1,3,3,10,9,7,9,5,6,4,2,2,100,AI Engineer
9,4,7,10,8,7,6,4,6,0,7,10,8,9,3,5,7,6,7,74,Full Stack Developer
0,6,4,8,8,5,8,4,2,5,4,6,8,5,7,2,5,1,8,93,Full Stack Developer
7,4,0,7,7,10,7,2,7,5,10,6,0,6,7,6,6,7,7,93,Data Analyst
8,7,4,6,3,8,1,3,2,10,8,4,4,9,8,10,7,6,2,94,Cybersecurity Engineer
6,9,5,10,10,8,3,7,2,5,3,6,6,10,6,4,9,6,6,100,Full Stack Developer
3,3,9,6,2,4,10,4,6,10,6,7,1,6,8,9,4,10,8,100,Cybersecurity Engineer
5,7,6,7,5,4,5,6,3,4,5,8,6,6,7,1,6,0,6,99,Full Stack Developer
6,5,6,4,6,6,5,6,7,6,4,7,5,10,8,5,5,10,5,100,Cybersecurity Engineer
6,2,4,6,4,10,6,8,9,2,7,7,7,4,7,6,3,1,5,100,Data Analyst
4,3,6,9,5,6,7,6,0,8,2,3,8,3,1,6,7,5,6,61,Full Stack Developer
10,8,3,6,3,9,4,5,5,3,7,7,6,5,4,6,5,7,4,100,Cybersecurity Engineer
4,3,1,6,7,5,2,5,5,8,4,4,6,8,7,6,6,8,6,100,Data Analyst
8,7,6,5,5,6,10,5,6,4,10,7,4,3,5,6,9,4,4,61,AI Engineer
4,8,5,8,9,4,4,7,2,2,8,4,3,7,8,5,3,0,5,100,Full Stack Developer
7,4,3,2,5,5,3,2,6,5,8,7,9,6,4,5,2,3,6,100,Data Analyst
7,3,3,2,4,5,10,5,1,5,10,4,8,5,10,3,5,5,6,90,AI Engineer
7,1,6,6,1,6,9,6,4,7,10,5,5,5,5,5,4,8,8,100,AI Engineer
5,7,5,2,5,7,9,3,8,5,5,3,5,5,6,8,3,9,5,82,Data Analyst
4,5,2,4,5,7,5,2,9,6,10,4,6,5,6,2,6,4,9,96,Data Analyst
2,7,8,9,6,6,9,4,8,5,3,8,3,8,10,8,1,7,10,100,Full Stack Developer
6,1,5,6,3,5,9,4,3,3,10,6,6,3,6,0,7,8,2,92,AI Engineer
9,7,10,4,6,10,3,3,6,7,6,4,4,5,8,8,1,10,6,100,Cybersecurity Engineer
6,4,6,2,7,5,6,6,8,9,7,8,5,7,8,5,6,7,6,52,Cybersecurity Engineer
6,6,5,3,5,8,4,4,3,5,6,7,5,6,10,9,7,7,7,96,Cybersecurity Engineer
10,5,4,9,7,9,8,5,4,3,8,6,7,6,9,6,5,5,8,100,AI Engineer
2,4,9,2,8,1,4,2,7,4,9,9,7,4,2,0,6,6,6,100,AI Engineer
8,5,7,4,2,6,2,1,9,6,9,9,5,4,7,9,4,10,4,100,Data Analyst
4,0,3,7,6,10,2,6,8,5,9,4,2,0,7,4,10,4,6,91,Data Analyst
4,5,6,4,5,6,0,3,4,6,6,7,6,3,9,3,1,2,8,82,Data Analyst
3,9,3,7,7,7,7,7,5,5,9,2,7,9,5,7,7,5,10,84,Full Stack Developer
4,4,4,9,4,6,4,2,5,4,7,4,3,5,6,5,6,7,10,74,Cybersecurity Engineer
8,6,4,1,8,2,3,3,8,5,8,9,5,8,8,3,4,10,5,80,AI Engineer
5,5,5,5,2,6,5,7,4,10,9,5,1,7,8,3,7,5,3,98,Cybersecurity Engineer
10,5,4,2,4,8,6,7,10,2,6,8,5,5,8,3,7,5,7,86,Data Analyst
8,10,5,7,4,5,7,0,3,2,10,9,7,7,7,7,5,3,6,100,AI Engineer
10,7,8,4,2,3,4,6,7,4,9,5,7,8,5,8,3,4,7,70,AI Engineer
6,10,6,3,0,5,6,6,6,7,7,7,8,2,5,7,8,9,5,76,Cybersecurity Engineer
7,4,9,3,9,3,6,6,9,2,7,7,10,8,7,0,6,5,5,73,AI Engineer
4,7,4,6,7,7,4,4,0,4,0,6,7,7,5,8,6,10,3,76,Cybersecurity Engineer
3,5,2,4,0,5,7,5,6,4,6,6,7,3,6,5,10,5,0,30,AI Engineer
7,5,6,4,3,4,3,5,3,10,4,5,9,7,9,7,7,10,6,100,Cybersecurity Engineer
6,6,2,6,4,4,6,0,10,6,6,6,7,2,5,5,6,5,5,100,Data Analyst
6,5,4,3,7,9,0,2,5,8,8,7,4,1,10,1,2,5,4,100,Cybersecurity Engineer
7,1,6,6,3,9,6,6,4,6,10,8,5,3,10,7,2,4,7,100,Data Analyst
10,2,5,3,8,3,4,3,4,5,7,6,3,5,8,9,6,10,4,66,Cybersecurity Engineer
3,3,4,6,4,5,5,4,6,8,8,5,1,5,7,4,6,2,7,100,Data Analyst
7,8,10,5,7,3,5,2,3,2,5,4,4,8,8,10,6,6,10,100,Full Stack Developer
7,5,4,5,4,8,5,1,5,8,10,9,8,4,8,5,7,4,6,100,AI Engineer
6,4,4,7,6,9,6,7,5,7,4,7,9,9,9,7,4,6,7,86,Full Stack Developer
1,6,6,5,1,3,4,4,10,8,3,8,6,6,4,5,5,8,7,95,Cybersecurity Engineer
4,10,5,2,9,3,4,8,6,7,3,5,9,4,0,7,5,3,7,100,Full Stack Developer
10,1,2,9,10,5,5,6,6,4,5,9,7,5,6,10,7,4,4,100,Full Stack Developer
5,4,7,5,1,7,10,5,0,5,9,3,1,7,5,3,8,3,5,98,AI Engineer
3,1,5,9,7,5,4,5,5,6,5,5,8,10,3,7,8,2,3,100,Full Stack Developer
10,7,3,5,8,1,4,3,5,7,7,7,3,9,6,7,5,8,4,53,Cybersecurity Engineer
7,7,1,4,2,8,6,4,8,2,10,10,6,6,8,5,6,3,5,97,Data Analyst
2,10,4,6,3,4,4,0,2,8,0,3,4,10,4,6,7,7,5,100,Cybersecurity Engineer
5,0,8,10,6,4,8,5,7,3,6,6,5,7,4,2,4,2,4,100,Full Stack Developer
4,6,4,1,6,2,5,0,3,4,5,1,5,4,10,9,5,5,9,91,AI Engineer
8,5,1,6,1,8,7,2,10,7,6,4,4,8,6,7,9,2,6,97,Data Analyst
5,4,3,5,6,6,7,3,5,5,10,10,6,3,6,7,4,5,6,100,AI Engineer
4,10,6,9,6,9,1,8,2,2,6,8,8,5,8,5,4,3,2,100,Full Stack Developer
8,9,3,8,9,6,3,9,4,6,10,9,4,10,9,10,3,3,6,100,Full Stack Developer
9,1,5,8,4,5,9,0,10,8,7,10,5,6,5,6,5,5,4,100,Data Analyst
9,4,10,9,8,10,3,5,5,5,4,6,7,1,7,5,5,2,1,90,Full Stack Developer
6,7,9,4,8,6,5,4,6,10,7,2,0,4,6,8,3,9,4,100,Cybersecurity Engineer
3,4,7,4,5,5,4,6,7,9,4,10,0,3,8,8,6,8,8,88,Cybersecurity Engineer
9,5,5,5,6,7,6,3,10,6,9,6,5,5,9,5,4,5,8,84,Data Analyst
7,4,4,4,4,3,4,4,6,10,8,3,6,3,5,7,5,7,5,53,Cybersecurity Engineer
4,3,2,4,3,7,1,4,3,7,5,8,4,7,7,4,5,0,6,100,AI Engineer
6,3,1,6,2,5,4,2,7,10,3,6,6,4,10,4,7,4,8,97,AI Engineer
4,3,6,2,6,10,5,4,10,2,8,4,4,6,6,1,8,4,7,100,Data Analyst
5,3,7,3,3,7,3,2,4,2,10,9,9,3,10,3,10,7,3,100,Data Analyst
3,3,6,7,5,7,6,4,6,0,9,5,3,9,10,8,5,0,9,96,Data Analyst
4,7,4,10,10,5,4,9,5,4,4,7,5,8,8,5,5,6,6,86,Full Stack Developer
8,1,4,0,3,8,7,1,6,3,10,5,6,6,9,4,5,8,6,100,AI Engineer
1,5,4,6,4,4,4,1,3,8,10,6,9,9,6,5,6,7,5,68,Cybersecurity Engineer
4,0,8,8,4,4,0,3,5,7,5,8,6,6,8,4,7,7,3,100,Cybersecurity Engineer
6,1,4,6,5,9,2,7,7,6,0,10,2,5,6,6,7,6,7,95,AI Engineer
4,3,4,4,3,6,10,5,7,6,8,4,1,4,6,6,1,10,10,100,Data Analyst
7,10,8,4,5,7,1,3,4,9,7,5,7,8,5,2,7,10,5,100,Cybersecurity Engineer
9,8,3,9,9,5,6,6,4,6,4,5,7,5,9,4,0,7,7,100,Full Stack Developer
10,0,1,3,4,7,6,1,3,3,10,8,4,4,6,6,4,1,4,100,Data Analyst
7,4,5,10,5,5,4,8,5,0,3,8,5,3,9,7,4,5,6,100,Full Stack Developer
6,4,2,4,4,2,6,2,10,9,10,5,5,5,10,5,4,3,7,96,AI Engineer
3,1,5,7,1,8,7,5,10,7,8,4,0,4,6,3,5,3,5,87,AI Engineer
6,4,3,8,9,8,5,8,5,7,7,7,6,6,4,3,6,6,9,100,Full Stack Developer
6,10,5,3,5,6,7,5,4,6,5,3,7,10,6,2,4,6,7,100,Cybersecurity Engineer
3,4,4,6,9,2,4,6,5,5,9,2,4,9,6,9,7,8,7,64,Full Stack Developer
0,7,7,5,9,3,5,7,7,10,5,4,5,5,10,5,7,8,6,100,Cybersecurity Engineer
8,3,3,10,8,4,5,7,3,6,5,7,6,8,3,1,6,7,6,87,Full Stack Developer
3,5,2,8,7,5,10,10,2,4,4,6,7,5,4,9,3,6,5,75,Full Stack Developer
6,2,3,10,5,4,5,6,6,6,2,10,5,0,7,0,6,5,7,96,Full Stack Developer
2,5,5,3,3,7,1,10,7,5,10,10,5,6,7,6,8,7,6,100,Data Analyst
4,3,9,7,5,10,2,4,10,3,10,5,6,2,9,6,3,2,6,88,Data Analyst
10,4,5,1,7,9,7,8,2,3,10,5,6,5,4,4,3,3,8,100,AI Engineer
4,7,8,10,10,5,8,4,10,3,4,5,5,10,4,8,6,6,5,74,Full Stack Developer
6,3,0,5,9,3,7,4,6,7,10,7,5,5,4,6,5,5,5,86,Data Analyst
8,1,3,9,5,5,6,9,5,4,5,5,8,7,8,6,8,5,6,91,Full Stack Developer
5,7,5,7,10,3,4,3,9,3,7,8,8,4,10,4,5,4,8,91,Cybersecurity Engineer
6,5,8,5,10,6,7,0,5,7,10,5,6,7,7,0,5,5,4,90,AI Engineer
6,0,7,4,2,1,4,6,4,5,1,10,6,7,6,5,5,8,9,96,Cybersecurity Engineer
3,6,9,2,4,7,5,3,4,7,10,6,2,5,4,3,6,6,6,100,AI Engineer
5,5,6,8,6,1,2,2,1,7,5,8,8,8,4,6,10,6,8,92,Cybersecurity Engineer
10,5,8,2,7,5,5,0,5,4,10,6,6,3,6,6,2,4,5,100,AI Engineer
9,10,3,6,6,7,8,3,7,1,5,7,3,8,4,5,6,3,4,79,AI Engineer
10,7,4,6,8,7,4,5,5,8,9,9,3,4,9,4,1,6,5,100,AI Engineer
6,0,6,6,3,9,8,0,10,8,9,7,10,5,10,7,2,0,6,60,Data Analyst
7,10,4,5,4,8,6,0,3,6,6,6,4,5,6,5,6,7,4,84,Cybersecurity Engineer
8,6,7,8,9,6,3,7,6,9,8,2,4,6,6,5,10,7,5,94,Full Stack Developer
6,3,9,5,9,7,6,2,2,3,6,5,4,7,4,7,7,7,10,100,Full Stack Developer
7,3,7,10,8,7,2,10,3,3,4,2,4,7,0,9,8,1,2,100,Full Stack Developer
10,2,6,1,3,3,5,6,3,6,2,8,4,3,2,3,4,10,2,100,Cybersecurity Engineer
2,3,5,3,2,4,1,0,3,3,4,8,3,6,4,0,6,7,3,79,Cybersecurity Engineer
1,4,5,7,5,10,3,1,5,6,6,5,6,1,4,4,6,10,5,100,Cybersecurity Engineer
5,6,2,0,9,3,10,6,6,5,10,6,8,6,5,7,1,7,8,100,AI Engineer
10,5,10,4,7,5,2,4,0,5,4,7,8,6,3,7,4,5,5,68,Cybersecurity Engineer
6,4,4,3,4,3,4,0,2,7,4,7,3,9,5,4,5,7,4,99,Cybersecurity Engineer
7,4,4,2,4,8,9,7,8,7,10,2,7,5,5,2,4,6,7,53,Data Analyst
6,1,6,10,10,3,5,10,7,5,5,9,8,8,4,9,3,10,6,100,Full Stack Developer
2,7,1,1,7,10,6,3,10,4,8,8,8,6,7,4,4,4,7,96,Data Analyst
6,1,2,9,10,6,7,10,8,4,4,7,9,6,5,3,7,5,6,100,Full Stack Developer
1,4,8,1,2,3,6,3,6,10,4,7,4,5,4,3,3,10,8,100,Cybersecurity Engineer
7,7,7,8,9,4,6,7,6,6,5,8,7,5,3,6,10,3,9,100,Full Stack Developer
9,4,9,6,3,6,10,4,5,5,10,9,6,3,7,8,3,2,6,100,AI Engineer
7,8,7,2,5,9,7,4,6,6,10,5,7,7,6,4,6,6,4,100,Data Analyst
8,5,4,8,7,2,2,2,0,10,3,3,7,6,9,6,9,8,10,100,Cybersecurity Engineer
10,2,1,5,4,3,6,5,6,3,9,6,1,5,4,5,1,8,5,94,AI Engineer
3,8,10,4,5,7,8,6,10,5,8,4,4,6,10,4,6,5,8,100,AI Engineer
5,5,0,4,5,7,8,1,4,4,9,1,4,3,6,6,2,5,6,100,AI Engineer
5,8,7,1,4,3,2,4,5,5,7,7,2,5,4,2,8,10,4,100,Cybersecurity Engineer
6,5,6,7,4,5,5,0,6,6,7,5,7,6,6,4,10,5,4,100,Data Analyst
3,9,8,3,4,4,3,4,4,5,5,6,8,6,7,5,5,5,5,100,Cybersecurity Engineer
6,3,2,4,5,7,8,8,6,3,6,7,5,3,10,5,3,10,4,100,Data Analyst
8,3,4,6,10,7,6,5,8,3,10,6,5,4,5,8,6,1,6,91,Data Analyst
4,5,6,10,10,3,2,9,7,6,3,5,7,3,7,8,7,5,10,100,Full Stack Developer
8,3,5,1,5,6,9,5,5,6,10,8,1,6,8,4,4,5,8,71,AI Engineer
4,3,1,4,1,10,6,4,8,5,8,8,4,7,4,3,8,5,6,100,Data Analyst
7,6,5,4,5,10,4,6,7,5,10,5,5,7,10,2,4,6,6,100,Data Analyst
9,3,4,7,5,6,5,5,7,7,1,7,5,4,9,7,4,9,7,62,Cybersecurity Engineer
4,7,4,8,10,5,7,7,3,7,7,8,4,6,6,10,10,5,8,100,Full Stack Developer
1,5,6,10,10,7,5,8,4,10,6,6,4,7,10,0,6,5,8,100,Full Stack Developer
4,10,5,10,8,10,5,10,7,5,1,7,5,7,5,3,4,6,3,100,Full Stack Developer
1,5,7,10,7,2,4,10,6,8,4,2,9,8,6,7,10,5,10,97,Full Stack Developer
4,3,7,8,10,10,3,10,6,3,9,6,5,5,8,6,5,4,9,100,Full Stack Developer
6,5,6,9,8,6,4,5,3,0,4,5,3,7,7,8,6,5,6,100,Full Stack Developer
4,2,6,4,1,9,8,8,6,5,10,8,6,6,5,3,4,4,3,85,Data Analyst
8,6,3,4,4,5,10,6,4,7,10,8,6,3,6,6,9,4,5,100,AI Engineer
7,10,3,4,3,5,3,4,4,5,9,7,6,8,10,5,3,7,4,100,Cybersecurity Engineer
1,7,10,2,10,6,4,5,3,8,4,7,2,4,6,5,6,10,3,100,Cybersecurity Engineer
7,5,4,5,6,8,1,6,3,8,1,7,3,4,7,7,8,5,3,100,Cybersecurity Engineer
9,4,9,4,4,9,3,7,7,6,10,8,3,5,5,1,3,3,8,71,Data Analyst
10,0,4,3,3,7,9,6,8,6,8,5,5,3,7,6,8,4,5,80,Data Analyst
3,5,9,2,3,6,8,3,4,2,9,6,2,7,10,4,2,6,5,76,AI Engineer
7,7,2,2,3,5,5,3,5,9,8,7,6,4,9,0,6,8,7,100,Cybersecurity Engineer
3,6,3,0,6,6,6,3,10,1,10,6,7,4,7,8,4,2,7,70,Data Analyst
3,6,1,10,6,6,2,9,4,3,7,4,7,8,4,1,8,3,9,100,Full Stack Developer
6,5,5,7,0,5,5,2,9,5,7,7,6,4,9,4,0,7,6,100,Cybersecurity Engineer
7,5,4,3,4,5,9,3,8,6,6,6,3,0,4,10,8,10,8,66,AI Engineer
7,4,10,5,8,5,2,0,7,10,3,6,2,7,7,2,3,3,7,100,Cybersecurity Engineer
10,9,2,6,9,5,8,4,4,5,9,5,5,6,8,5,7,4,8,100,Data Analyst
8,2,2,8,4,4,4,6,5,9,4,10,9,4,6,3,5,8,6,100,Cybersecurity Engineer
7,9,7,4,1,5,1,4,3,10,6,6,5,5,8,4,8,8,7,100,Cybersecurity Engineer
8,7,8,6,1,5,10,6,5,5,10,2,4,5,8,6,2,6,3,68,AI Engineer
4,10,10,8,4,4,6,5,8,7,3,10,5,6,5,6,6,8,6,100,Cybersecurity Engineer
2,2,9,5,4,8,7,5,7,10,6,6,8,4,4,2,6,6,7,96,Cybersecurity Engineer
6,2,5,3,5,5,4,5,7,7,2,7,3,5,7,7,5,7,8,68,Data Analyst
7,2,4,7,9,3,0,6,4,3,7,6,7,4,2,7,10,6,8,100,Full Stack Developer
9,5,7,10,5,3,6,9,6,10,2,6,5,8,7,4,7,5,8,100,Full Stack Developer
6,6,7,0,5,10,3,5,8,0,10,3,10,5,7,7,7,0,1,82,Data Analyst
6,10,9,5,2,6,7,3,1,2,7,8,7,6,9,3,6,6,3,100,AI Engineer
6,3,4,3,3,4,4,5,6,4,6,7,4,4,7,7,1,2,4,100,Data Analyst
7,5,3,3,0,6,5,6,9,3,10,5,5,6,8,3,6,6,8,72,Data Analyst
6,5,3,6,5,10,1,6,8,2,10,7,4,6,7,3,9,4,7,67,Data Analyst
4,3,3,3,6,6,3,4,10,4,7,5,1,4,7,7,5,6,8,80,Data Analyst
8,5,8,6,5,5,5,6,7,7,10,3,6,2,8,7,4,8,5,100,AI Engineer
4,7,7,10,10,4,4,7,7,5,5,4,8,6,7,4,7,7,4,100,Full Stack Developer
5,4,5,10,1,8,7,2,3,4,10,3,7,5,8,4,3,4,3,83,AI Engineer
7,7,8,5,6,10,5,5,8,4,10,3,7,4,6,8,8,6,4,100,Data Analyst
8,3,6,0,8,10,1,3,2,5,3,8,2,5,5,1,6,6,6,100,Cybersecurity Engineer
1,2,1,7,9,6,4,9,5,2,1,7,9,10,8,9,8,6,6,100,Full Stack Developer
9,1,8,1,6,6,5,3,9,5,8,9,4,6,7,4,3,0,3,78,AI Engineer
6,5,8,6,4,8,8,7,6,1,10,4,6,9,5,6,7,2,2,99,Data Analyst
7,2,8,5,3,6,10,6,2,4,10,4,6,6,5,6,0,1,7,56,AI Engineer
3,9,5,3,0,8,2,4,3,7,6,5,1,7,6,6,10,8,6,100,Cybersecurity Engineer
2,6,7,5,4,9,6,2,5,5,10,8,3,9,10,4,3,3,8,91,Data Analyst
8,3,3,3,5,8,4,3,6,0,7,5,3,6,7,5,6,8,9,47,AI Engineer
4,1,8,3,3,8,1,8,5,1,8,5,6,3,3,4,2,6,3,63,AI Engineer
8,10,7,5,1,8,5,5,7,3,9,9,8,4,4,4,4,6,10,100,Data Analyst
7,3,4,7,3,9,5,5,8,1,7,4,5,6,3,3,6,6,3,100,Data Analyst
8,3,2,1,2,5,4,4,2,3,9,4,6,1,6,4,7,6,9,86,AI Engineer
10,5,6,2,7,8,10,5,2,1,10,6,6,5,7,5,4,4,4,100,AI Engineer
10,1,3,7,5,9,3,5,4,5,3,2,1,10,1,9,3,6,9,100,Full Stack Developer
4,4,7,2,7,6,8,4,3,10,3,4,2,1,6,8,8,10,8,38,Cybersecurity Engineer
6,3,7,2,5,7,8,4,7,1,4,7,5,3,3,2,6,7,4,86,AI Engineer
8,5,0,0,6,5,7,6,7,3,7,8,3,7,9,8,1,2,4,100,AI Engineer
2,9,4,8,10,9,0,10,5,7,1,5,1,8,3,3,1,6,6,96,Full Stack Developer
3,6,8,5,3,8,6,8,4,7,8,10,8,5,6,4,6,8,6,43,Cybersecurity Engineer
8,7,6,5,0,7,6,2,3,3,6,0,5,9,8,5,4,3,6,94,AI Engineer
6,7,6,8,5,5,4,2,5,5,6,6,4,3,10,6,3,10,6,86,Cybersecurity Engineer
5,4,7,10,10,7,2,10,3,5,6,4,5,4,4,4,10,5,10,100,Full Stack Developer
3,7,3,2,7,0,7,5,5,10,5,3,10,5,10,6,7,7,5,100,Cybersecurity Engineer
6,5,5,8,4,10,6,8,7,0,10,6,4,7,5,3,5,6,4,95,Data Analyst
7,4,7,4,2,6,6,4,10,5,9,6,1,6,7,5,10,4,4,100,AI Engineer
4,7,8,4,6,4,1,10,3,9,4,6,5,7,7,9,6,8,7,78,Full Stack Developer
4,5,3,5,3,2,2,1,7,7,6,10,6,4,8,4,1,8,8,78,Cybersecurity Engineer
5,6,7,4,4,7,6,2,0,4,2,7,6,7,5,4,6,6,6,100,Cybersecurity Engineer
9,2,7,8,6,6,6,2,10,3,7,7,4,3,4,4,5,6,8,100,AI Engineer
8,9,3,3,4,6,5,6,7,3,8,4,4,8,9,8,6,4,6,92,Data Analyst
3,4,9,2,7,9,4,3,6,2,7,6,6,8,7,7,6,2,8,100,Data Analyst
7,4,1,3,3,5,9,5,6,7,10,6,4,7,8,7,8,3,5,100,AI Engineer
7,4,4,8,8,4,3,7,6,2,4,10,5,6,7,4,5,4,3,78,Full Stack Developer
8,6,3,9,9,5,3,8,1,1,4,7,6,8,9,5,10,9,6,100,Full Stack Developer
9,3,4,3,9,2,8,4,8,4,6,5,3,5,10,0,5,2,4,100,AI Engineer
10,1,6,5,3,5,5,3,5,1,10,4,2,2,10,1,6,2,5,100,AI Engineer
2,3,9,8,8,8,4,10,1,9,4,6,8,8,6,0,5,7,5,93,Full Stack Developer
7,6,2,10,8,7,3,8,5,6,1,3,10,8,3,7,3,10,9,100,Full Stack Developer
7,8,4,8,10,7,4,7,5,0,8,7,9,7,10,5,7,5,10,73,Full Stack Developer
6,7,8,10,10,4,7,7,2,3,3,10,6,8,2,9,5,6,8,100,Full Stack Developer
9,6,4,4,7,4,10,3,6,6,8,3,2,9,5,10,4,3,9,100,AI Engineer
10,5,6,8,7,6,7,4,1,8,3,7,6,4,5,6,3,7,7,94,Full Stack Developer
8,7,3,10,10,2,6,10,3,4,3,4,8,7,4,10,5,5,8,76,Full Stack Developer
10,10,3,7,6,5,5,3,10,10,4,10,4,8,9,6,2,9,8,100,Cybersecurity Engineer
9,7,4,5,5,8,6,6,9,3,10,9,5,8,3,4,2,6,5,80,Data Analyst
4,9,6,2,6,7,10,3,9,0,8,7,5,4,7,4,5,9,9,78,AI Engineer
7,5,7,4,10,5,7,7,7,5,10,4,5,7,6,9,6,2,7,100,AI Engineer
6,4,4,7,4,8,4,5,7,9,10,10,0,5,10,3,7,10,9,87,Cybersecurity Engineer
4,4,10,8,8,9,3,5,6,5,5,5,5,6,8,4,6,2,10,100,Full Stack Developer
8,8,7,10,9,7,3,7,3,7,3,6,7,7,4,7,5,0,6,100,Full Stack Developer
4,3,3,5,10,6,5,6,5,3,3,6,4,6,9,10,5,2,8,100,Full Stack Developer
5,10,3,7,7,7,7,2,7,6,7,7,0,9,8,6,10,6,6,100,Cybersecurity Engineer
2,3,3,8,4,5,5,8,8,5,8,5,5,5,5,5,3,3,7,71,Data Analyst
8,6,6,8,9,3,4,6,5,8,8,7,2,6,4,6,7,9,5,100,Cybersecurity Engineer
1,5,2,10,10,6,7,10,8,4,4,2,7,6,2,8,9,3,9,100,Full Stack Developer
6,3,8,5,4,7,1,4,7,5,10,3,5,0,7,3,3,10,10,94,Data Analyst
6,5,5,4,3,7,8,9,8,1,7,6,8,9,6,3,3,5,10,100,AI Engineer
4,1,4,8,7,5,4,8,6,1,10,7,0,5,3,1,5,1,1,100,Data Analyst
7,5,5,1,3,3,9,2,1,4,10,10,5,3,2,4,3,8,5,100,AI Engineer
5,7,5,5,5,8,7,3,7,5,9,1,7,3,3,7,3,1,4,79,Data Analyst
6,9,3,10,8,4,6,6,2,6,5,7,3,4,6,4,7,2,7,100,Full Stack Developer
8,7,9,8,8,10,0,8,5,3,7,8,5,4,7,9,6,6,3,100,Full Stack Developer
3,8,3,6,3,7,4,5,3,7,5,5,2,4,7,7,10,10,3,100,Cybersecurity Engineer
5,6,4,7,10,4,6,6,8,0,7,4,5,6,6,3,6,6,6,100,Full Stack Developer
1,3,8,9,8,3,6,7,4,5,4,6,3,6,7,7,7,3,8,76,Full Stack Developer
0,4,6,5,3,0,8,10,1,6,5,10,5,6,5,5,9,9,5,100,Cybersecurity Engineer
4,5,3,4,4,6,8,7,10,4,8,4,5,9,10,5,8,10,10,96,Data Analyst
5,2,7,6,5,2,10,8,8,3,10,5,7,6,5,4,9,9,10,100,AI Engineer
4,5,6,6,6,6,3,5,1,10,9,3,5,6,8,9,6,10,8,89,Cybersecurity Engineer
7,7,6,10,4,4,4,10,3,3,7,7,6,9,7,5,3,7,4,85,Full Stack Developer
7,7,6,10,7,5,1,6,5,8,5,6,7,7,6,5,4,6,5,100,Full Stack Developer
7,5,6,6,10,4,3,8,5,5,2,4,6,7,4,4,7,3,8,45,Full Stack Developer
7,5,5,3,3,3,7,5,1,7,9,10,3,1,6,6,4,2,5,100,AI Engineer
7,2,1,5,9,5,9,5,5,7,8,10,7,6,7,4,5,9,7,100,Cybersecurity Engineer
10,3,3,4,8,6,7,5,4,6,7,7,4,2,7,5,6,5,3,92,AI Engineer
7,4,4,4,3,6,5,0,10,6,10,6,3,8,10,3,4,7,6,100,Data Analyst
6,10,6,7,4,5,7,8,4,6,5,7,7,3,7,6,5,5,7,46,Cybersecurity Engineer
9,3,5,4,5,10,6,3,5,4,9,8,0,3,3,4,10,7,9,96,AI Engineer
6,9,4,10,8,9,3,3,5,5,8,2,3,8,6,3,6,5,9,84,Full Stack Developer
5,3,9,7,6,8,5,5,8,0,10,2,1,6,4,4,7,4,5,95,AI Engineer
8,8,8,10,3,9,5,5,7,2,10,8,3,9,3,9,7,6,5,77,AI Engineer
6,6,6,10,5,9,0,7,2,3,5,2,0,8,10,4,9,8,3,100,Full Stack Developer
6,6,6,7,9,4,2,9,0,5,5,4,9,4,3,4,5,4,4,100,Full Stack Developer
6,8,9,4,5,10,3,5,6,8,10,2,4,8,9,2,2,5,6,96,Data Analyst
7,1,7,6,5,10,7,2,6,5,5,9,4,6,5,6,6,5,9,100,Data Analyst
5,8,6,3,1,6,6,7,3,6,10,7,5,6,4,8,2,4,7,77,AI Engineer
4,6,5,1,6,6,5,7,0,9,7,5,3,5,8,3,7,8,9,100,Cybersecurity Engineer
4,5,4,5,3,5,3,5,7,3,9,4,4,3,5,2,5,8,5,100,Data Analyst
3,8,4,6,6,4,10,2,8,2,9,5,8,7,9,5,7,2,6,100,Data Analyst
5,6,10,10,10,5,2,9,4,4,8,6,8,7,5,6,4,8,9,100,Full Stack Developer
4,8,6,6,7,3,0,10,3,3,5,4,4,10,2,3,8,4,5,71,Full Stack Developer
6,0,3,4,7,6,5,6,7,4,8,2,5,5,4,2,8,7,7,92,Data Analyst
3,5,7,6,7,10,5,4,7,2,8,5,7,2,9,5,5,5,3,96,Data Analyst
7,9,9,3,6,3,5,2,4,5,4,7,6,8,4,2,7,10,6,94,Cybersecurity Engineer
5,3,3,10,8,7,4,6,7,1,0,1,4,7,0,6,6,6,2,100,Full Stack Developer
3,7,7,5,5,5,4,3,1,9,3,1,4,4,10,9,7,10,4,100,Cybersecurity Engineer
1,5,2,8,2,10,0,6,6,6,0,8,10,7,6,6,5,5,6,100,Full Stack Developer
10,5,8,8,6,10,4,8,7,3,6,7,4,9,8,4,6,4,10,78,Full Stack Developer
3,7,4,7,10,5,7,8,4,0,8,5,5,6,7,7,5,7,10,100,Full Stack Developer
9,7,6,5,10,6,5,9,4,6,5,7,8,9,3,5,9,0,7,80,Full Stack Developer
8,5,8,7,6,7,5,10,1,4,7,4,6,5,3,5,8,7,9,100,Full Stack Developer
7,5,3,3,5,8,8,4,3,4,5,4,4,5,5,8,10,10,10,100,Cybersecurity Engineer
4,3,6,5,0,7,7,4,7,7,3,4,5,6,9,10,9,7,6,100,Cybersecurity Engineer
7,4,3,2,3,5,10,4,4,7,6,7,0,5,4,5,7,5,3,90,AI Engineer
4,6,5,5,1,8,5,3,8,5,10,8,6,10,7,4,3,3,4,53,Data Analyst
9,2,5,4,3,10,3,9,9,6,10,5,6,3,0,5,2,4,2,100,Data Analyst
2,6,3,6,2,5,6,9,3,4,4,9,10,3,8,5,7,8,2,100,Cybersecurity Engineer
7,2,7,3,1,9,7,9,9,3,10,6,1,4,4,5,10,5,7,75,Data Analyst
3,5,8,10,10,1,9,8,0,4,3,7,2,8,3,3,5,3,6,48,Full Stack Developer
2,4,5,8,4,6,1,3,0,8,4,4,5,6,7,10,6,6,7,100,Cybersecurity Engineer
8,5,6,7,7,7,4,6,5,4,6,8,10,5,6,10,8,9,5,78,Full Stack Developer
2,4,1,5,8,10,6,3,10,5,8,4,5,7,4,8,4,6,5,100,Data Analyst
4,5,7,2,4,5,6,8,6,9,5,5,0,5,7,8,6,9,6,68,Cybersecurity Engineer
8,5,6,6,3,5,4,6,9,3,7,7,10,9,9,6,3,6,5,100,Data Analyst
2,7,4,4,5,2,5,8,5,10,6,4,10,5,4,2,4,10,6,70,Cybersecurity Engineer
10,5,8,5,4,3,4,1,4,6,3,7,3,4,10,3,4,6,9,100,Cybersecurity Engineer
8,6,4,9,10,5,8,8,3,5,4,3,7,5,4,7,9,4,8,67,Full Stack Developer
3,8,6,10,0,1,2,2,10,6,6,10,3,6,3,6,10,10,8,100,Cybersecurity Engineer
6,6,4,6,9,5,3,8,5,1,4,9,3,0,6,5,4,7,8,100,Full Stack Developer
4,4,5,10,10,9,2,7,9,0,8,3,7,9,7,10,6,1,8,100,Full Stack Developer
8,6,6,7,7,3,5,5,6,5,5,6,7,4,7,6,8,6,7,100,Full Stack Developer
10,1,5,3,5,10,6,0,4,7,10,5,6,3,8,2,10,6,5,91,AI Engineer
10,4,2,4,2,10,3,6,7,8,10,9,7,4,6,4,4,2,8,72,Data Analyst
8,6,7,7,5,8,10,3,8,0,10,3,5,2,8,5,2,6,5,100,AI Engineer
7,6,7,3,5,5,7,6,3,5,8,4,6,4,6,5,8,2,6,100,AI Engineer
6,10,9,8,4,6,7,5,8,2,5,5,7,7,10,5,7,7,9,100,Full Stack Developer
5,5,2,7,4,8,10,3,6,7,10,7,4,6,10,5,4,4,7,91,AI Engineer
3,5,6,10,2,6,8,8,3,3,9,6,10,5,4,5,8,3,8,100,Data Analyst
7,8,7,5,1,6,10,0,5,7,10,3,7,5,9,4,8,6,5,100,AI Engineer
9,3,5,2,9,6,4,5,6,5,6,6,8,4,9,0,7,9,4,94,Cybersecurity Engineer
6,6,1,5,3,6,7,5,6,5,6,4,5,4,6,7,10,5,6,100,Cybersecurity Engineer
3,3,8,7,4,6,5,3,7,3,9,1,7,4,9,10,2,5,3,100,Data Analyst
7,2,8,2,2,1,10,0,5,3,10,7,10,10,6,5,10,1,4,100,AI Engineer
6,6,7,2,4,6,5,2,1,7,3,4,7,7,9,5,5,6,7,70,Cybersecurity Engineer
8,7,4,8,10,5,3,9,5,4,5,6,5,8,0,5,4,4,6,100,Full Stack Developer
6,3,6,2,3,5,9,7,8,4,5,4,5,4,6,3,4,1,5,100,Data Analyst
6,6,6,4,10,3,6,6,6,6,7,2,6,5,7,7,3,8,6,85,Data Analyst
1,4,2,10,9,9,2,5,2,3,4,7,7,7,2,6,4,7,9,100,Full Stack Developer
6,1,10,6,7,10,6,2,10,2,10,7,4,7,7,4,8,3,4,100,Data Analyst
5,3,2,5,10,7,0,6,5,4,8,3,8,8,6,4,6,5,7,100,Full Stack Developer
5,3,0,0,2,9,5,5,7,7,10,5,4,4,7,7,6,2,7,100,Data Analyst
7,6,6,7,10,7,4,7,1,2,6,3,4,5,9,9,6,3,7,97,Full Stack Developer
5,10,6,8,10,6,5,5,10,3,6,9,4,8,6,10,5,3,6,87,Full Stack Developer
6,4,8,2,7,10,9,6,10,6,10,5,4,8,8,4,3,10,5,92,Data Analyst
10,7,3,4,1,10,9,5,10,4,9,10,6,6,2,2,9,8,8,100,AI Engineer
6,5,10,5,6,4,10,3,6,2,6,7,5,2,7,10,5,5,4,100,AI Engineer
7,8,2,4,6,2,7,4,5,3,8,7,5,8,4,3,10,5,3,73,AI Engineer
6,6,5,2,3,8,6,4,6,5,3,4,7,2,4,7,9,8,2,98,Cybersecurity Engineer
1,2,5,3,4,7,5,5,7,5,10,9,5,5,8,4,3,9,4,100,Data Analyst
7,9,8,3,6,7,9,8,2,4,8,4,3,3,5,4,1,5,9,85,Data Analyst
5,9,7,0,2,9,3,2,10,2,10,5,6,5,1,5,6,5,7,97,Data Analyst
8,5,7,4,7,7,4,0,4,9,10,6,9,3,4,3,10,3,9,82,Data Analyst
6,5,8,10,8,7,0,6,1,4,3,5,5,6,3,6,6,6,7,100,Full Stack Developer
1,3,4,7,8,5,3,8,4,4,6,3,5,6,6,2,9,4,9,96,Full Stack Developer
6,6,7,9,5,5,5,3,2,3,6,4,2,6,1,6,4,9,3,100,Cybersecurity Engineer
5,1,7,0,5,9,1,4,6,3,10,2,4,4,1,5,8,7,6,100,Data Analyst
5,5,4,9,10,10,5,10,9,1,5,10,8,6,7,8,7,5,1,100,Full Stack Developer
5,4,9,0,7,3,6,5,3,4,10,8,4,3,8,8,5,4,4,100,AI Engineer
5,6,7,10,8,4,9,10,1,8,9,8,4,7,1,3,6,6,5,34,Full Stack Developer
5,5,2,4,7,8,7,10,7,6,10,6,5,4,4,7,2,4,6,88,Data Analyst
2,5,9,10,7,10,3,8,4,6,3,5,4,8,8,10,4,4,8,100,Full Stack Developer
6,3,8,5,5,2,5,2,9,5,8,7,5,8,5,7,5,1,4,83,AI Engineer
8,8,2,3,3,10,7,10,8,6,9,4,4,6,9,5,10,10,6,100,Data Analyst
10,2,8,4,2,7,9,3,4,4,6,4,6,4,7,9,4,6,9,73,AI Engineer
4,7,1,6,6,3,9,5,5,2,6,8,1,6,7,7,6,5,8,100,AI Engineer
8,6,8,5,6,9,5,7,6,3,3,3,5,5,6,7,2,3,5,80,Data Analyst
7,5,7,4,4,6,6,2,2,5,10,9,6,7,8,6,2,1,5,99,AI Engineer
5,10,4,8,10,6,8,7,2,3,6,7,9,10,5,4,2,7,5,94,Full Stack Developer
4,6,6,6,10,6,5,4,3,5,2,6,6,2,6,3,7,7,9,71,Cybersecurity Engineer
3,0,6,2,1,3,5,8,7,2,10,7,5,7,6,4,4,2,5,100,Data Analyst
10,5,5,9,7,8,7,6,5,3,10,7,6,5,6,8,2,7,6,85,AI Engineer
5,9,5,6,6,7,6,6,3,2,2,1,0,5,6,8,3,2,5,87,Full Stack Developer
3,2,5,0,5,9,7,6,1,10,5,7,4,5,8,8,6,10,4,100,Cybersecurity Engineer
9,8,1,4,7,8,4,4,5,2,10,8,5,3,5,8,8,0,3,87,Data Analyst
5,2,4,1,5,3,8,8,4,2,4,5,6,7,7,7,10,8,4,70,AI Engineer
8,9,10,4,0,5,10,4,7,5,7,5,3,8,5,7,7,8,5,61,AI Engineer
1,4,5,5,3,7,3,5,6,10,2,6,10,10,10,8,6,7,2,100,Cybersecurity Engineer
10,3,5,4,0,8,9,4,6,5,6,5,6,0,8,3,5,4,3,100,AI Engineer
4,5,6,0,6,5,7,1,6,7,9,4,4,6,7,7,5,2,7,97,AI Engineer
9,4,8,10,4,9,0,1,5,7,8,4,10,7,8,2,5,10,4,100,Cybersecurity Engineer
5,7,5,5,4,10,5,0,5,5,10,7,4,8,7,5,3,9,7,97,Data Analyst
0,5,8,7,8,10,6,0,1,6,2,3,5,2,5,6,2,9,6,100,Cybersecurity Engineer
8,6,7,10,10,5,0,9,3,6,2,5,3,3,5,5,6,10,9,100,Full Stack Developer
8,0,6,10,10,4,0,10,6,8,7,5,5,8,9,7,8,6,9,100,Full Stack Developer
10,5,5,3,3,4,4,4,5,10,7,5,6,1,7,8,8,9,4,100,Cybersecurity Engineer
5,10,5,4,1,3,6,5,6,9,6,8,5,4,9,4,5,9,9,100,Cybersecurity Engineer
0,1,7,9,10,4,4,10,8,6,5,7,7,6,4,9,4,8,6,66,Full Stack Developer
3,0,5,4,1,7,3,5,2,6,6,5,5,5,8,3,4,8,7,100,Cybersecurity Engineer
7,2,8,6,3,4,6,2,7,9,5,8,3,2,4,3,6,2,7,85,AI Engineer
8,7,3,7,7,7,2,8,4,4,4,3,6,5,6,3,7,5,10,76,Full Stack Developer
4,5,6,10,10,4,4,10,0,1,4,8,8,7,3,7,3,5,6,88,Full Stack Developer
4,4,7,7,7,6,4,9,2,5,5,5,10,6,4,8,9,2,5,100,Full Stack Developer
8,5,6,1,3,9,7,10,5,4,7,8,6,5,4,3,7,6,6,100,Data Analyst
10,7,6,3,4,8,10,5,10,5,9,7,3,7,3,1,4,6,4,100,Data Analyst
4,7,10,10,7,8,8,10,2,5,3,5,5,8,6,8,7,5,8,100,Full Stack Developer
9,2,7,7,7,3,4,6,10,4,7,6,4,2,5,9,4,1,4,100,Data Analyst
2,7,7,10,10,4,3,9,5,3,4,4,8,7,3,5,5,7,10,100,Full Stack Developer
4,6,10,1,3,3,5,3,3,9,5,9,7,8,5,8,8,10,3,93,Cybersecurity Engineer
5,0,2,5,2,10,4,4,10,6,10,10,6,4,2,6,5,0,7,94,Data Analyst
7,1,10,2,2,2,4,6,2,10,5,4,3,6,6,9,3,9,3,100,Cybersecurity Engineer
9,0,6,2,3,8,10,4,1,7,10,5,7,1,7,4,8,6,3,100,AI Engineer
9,4,5,7,8,6,3,8,9,1,5,4,10,7,4,7,6,10,3,70,Full Stack Developer
2,5,5,3,3,10,7,1,6,5,10,8,8,7,3,8,8,8,9,100,Data Analyst
5,3,6,8,9,7,3,6,1,4,2,8,3,5,4,8,3,6,6,100,Full Stack Developer
5,2,9,4,6,2,8,5,2,8,3,10,5,3,8,3,9,7,6,100,Cybersecurity Engineer
7,5,6,0,3,2,10,5,4,2,8,1,5,4,9,3,2,0,4,77,AI Engineer
6,3,1,9,2,9,10,3,5,9,7,4,3,5,2,7,6,7,7,100,Data Analyst
2,3,7,4,3,6,8,4,10,3,10,8,7,7,5,4,5,3,7,45,Data Analyst
2,4,6,4,6,8,7,2,9,3,8,6,8,7,0,3,2,6,4,87,Data Analyst
5,6,2,10,6,10,3,6,3,5,8,8,8,6,7,5,6,5,2,85,Full Stack Developer
4,1,5,9,4,5,3,7,7,6,8,5,2,5,5,3,4,3,3,100,AI Engineer
6,6,6,5,7,4,3,10,3,10,5,10,3,7,6,4,7,8,3,100,Cybersecurity Engineer
10,2,5,6,4,10,8,5,9,3,8,3,7,7,4,5,8,7,9,100,Data Analyst
4,5,4,10,10,7,6,9,4,6,0,6,4,6,2,8,5,8,7,69,Full Stack Developer
5,6,10,2,2,4,0,0,5,10,6,6,7,4,2,1,10,9,7,100,Cybersecurity Engineer
5,5,5,5,3,0,5,7,0,6,10,10,4,0,8,9,7,2,6,95,AI Engineer
9,4,5,6,5,7,6,1,10,2,2,9,6,2,8,6,5,4,4,100,Data Analyst
7,4,5,6,4,8,9,5,7,9,0,8,3,7,6,8,7,8,4,85,Cybersecurity Engineer
8,6,2,6,1,5,4,7,7,6,4,7,5,8,4,9,8,3,6,65,Cybersecurity Engineer
4,2,5,5,6,5,6,4,5,3,10,6,2,6,6,2,2,4,8,100,Data Analyst
4,7,3,3,6,6,5,4,5,7,10,2,4,4,8,6,0,10,6,100,Cybersecurity Engineer
7,0,4,1,9,8,2,2,5,5,8,5,4,3,4,2,1,3,5,100,Data Analyst
4,6,5,7,9,5,7,10,1,0,5,5,4,6,7,4,9,4,8,75,Full Stack Developer
4,5,3,5,7,7,7,4,4,3,8,9,6,4,7,5,7,6,7,87,AI Engineer
8,2,2,6,4,7,8,8,7,9,10,10,1,7,6,1,9,3,2,69,AI Engineer
7,9,6,6,2,4,9,4,4,1,8,9,10,5,5,4,3,8,9,79,AI Engineer
4,2,9,2,5,5,7,6,8,3,6,9,4,8,1,7,8,4,6,100,AI Engineer
4,6,7,3,6,3,3,1,0,9,9,8,4,8,7,9,7,6,6,86,Cybersecurity Engineer
8,0,0,6,3,7,7,7,6,6,6,6,4,1,10,10,6,8,3,89,Data Analyst
4,5,5,0,3,8,10,5,8,2,10,9,5,6,6,6,9,5,4,100,Data Analyst
6,6,2,5,5,6,1,2,7,9,8,10,3,4,6,6,7,10,10,92,Cybersecurity Engineer
2,4,5,9,6,6,10,5,7,1,8,5,6,2,2,5,1,6,10,100,Data Analyst
3,0,5,0,0,5,5,4,4,4,7,7,4,0,4,6,6,10,8,100,Cybersecurity Engineer
5,5,6,8,8,4,6,7,4,3,1,8,6,10,6,9,10,6,6,69,Full Stack Developer
5,0,3,4,5,0,8,0,8,8,9,7,2,5,7,0,5,4,5,100,AI Engineer
3,4,9,3,6,7,5,6,4,7,5,6,2,6,9,5,10,10,8,85,Cybersecurity Engineer
8,3,4,4,4,5,4,4,8,9,6,10,7,10,6,8,6,9,7,100,Cybersecurity Engineer
6,3,3,3,0,3,10,3,0,2,6,7,5,6,7,4,4,4,5,100,AI Engineer
4,6,2,2,1,2,1,3,10,4,5,6,4,4,6,0,6,10,8,100,Cybersecurity Engineer
6,4,0,6,2,10,7,4,6,4,10,1,9,5,4,3,9,2,4,100,AI Engineer
6,8,5,5,2,9,5,6,10,5,10,4,6,2,5,5,2,4,7,84,Data Analyst
5,5,5,10,10,8,3,6,1,0,6,7,3,7,5,5,3,7,8,100,Full Stack Developer
7,1,7,5,3,6,5,5,4,9,8,3,6,4,5,6,6,5,5,100,AI Engineer
10,5,7,7,7,10,6,5,8,4,10,7,4,7,6,4,7,2,6,70,Data Analyst
8,5,9,5,3,9,6,2,0,8,5,5,5,7,7,5,3,3,4,94,AI Engineer
10,3,0,9,2,8,9,4,8,6,7,8,6,1,8,5,4,6,8,69,Data Analyst
2,0,1,9,10,10,7,4,8,6,10,3,6,6,6,1,4,0,10,100,Data Analyst
3,3,6,4,6,3,5,3,7,7,7,5,3,6,4,4,2,7,4,68,Cybersecurity Engineer
7,5,7,4,4,4,4,5,8,4,6,3,9,7,10,6,6,4,8,61,Data Analyst
2,5,4,6,5,8,6,2,3,4,6,6,5,5,3,7,8,8,5,100,Cybersecurity Engineer
3,3,3,9,2,5,8,6,6,6,7,8,6,7,6,4,7,5,8,100,Data Analyst
4,6,4,8,10,5,3,8,0,4,7,4,7,6,5,6,7,2,10,100,Full Stack Developer
10,8,7,6,4,6,6,2,8,5,9,5,2,2,7,5,6,3,4,93,AI Engineer
5,8,8,1,6,2,4,3,3,5,8,7,2,3,10,8,7,10,9,92,Cybersecurity Engineer
4,8,4,6,5,3,10,1,8,8,10,9,4,4,7,6,9,5,1,100,AI Engineer
8,4,3,10,3,0,6,0,8,5,10,5,4,5,8,6,6,6,7,100,AI Engineer
4,9,6,7,9,4,4,10,4,3,8,8,5,9,7,5,8,2,6,73,Full Stack Developer
5,9,8,1,5,5,1,7,5,10,5,4,4,5,4,6,3,8,4,100,Cybersecurity Engineer
6,3,4,5,4,9,9,1,3,4,8,1,9,7,9,4,7,3,5,75,AI Engineer
8,9,9,2,3,4,5,6,4,9,8,10,5,4,8,4,4,10,5,100,Cybersecurity Engineer
8,3,6,10,8,8,0,10,3,4,3,4,8,7,9,10,3,4,8,100,Full Stack Developer
7,4,5,8,2,5,5,2,4,6,7,7,1,3,6,8,6,0,1,100,AI Engineer
7,7,9,4,0,3,6,10,3,8,4,7,5,3,3,7,5,10,7,100,Cybersecurity Engineer
3,3,2,7,5,4,9,3,3,10,4,6,5,7,5,9,5,8,3,91,Cybersecurity Engineer
8,3,6,2,7,5,9,5,4,6,8,6,3,5,10,3,4,6,6,100,AI Engineer
3,6,7,5,5,6,4,3,4,9,6,6,6,5,6,7,6,7,6,72,Cybersecurity Engineer
5,3,6,10,9,4,6,8,6,3,7,8,6,9,9,5,6,5,4,100,Full Stack Developer
7,8,7,1,6,8,6,4,7,2,10,10,3,3,6,7,5,7,3,100,AI Engineer
7,5,7,8,10,6,6,5,1,5,3,5,0,10,6,9,3,6,7,100,Full Stack Developer
8,5,3,3,6,8,10,1,6,0,10,8,3,3,5,6,4,8,4,52,Data Analyst
7,3,8,6,3,3,5,8,7,10,6,7,7,6,10,10,5,4,0,100,Cybersecurity Engineer
6,7,4,4,4,6,2,5,5,8,9,4,6,2,6,3,4,6,6,59,Cybersecurity Engineer
10,2,4,5,8,7,8,10,5,3,10,9,1,9,4,5,6,3,4,100,AI Engineer
7,7,4,5,6,3,4,2,6,8,5,9,8,4,9,7,4,10,7,81,Cybersecurity Engineer
2,3,6,8,2,8,5,4,8,3,8,10,4,7,9,5,5,6,8,65,Data Analyst
4,1,6,10,10,3,5,9,10,5,3,4,6,4,4,4,4,9,4,74,Full Stack Developer
5,3,6,6,3,3,7,4,5,7,10,3,4,2,9,8,5,4,10,100,AI Engineer
0,8,4,3,4,4,9,3,3,6,10,6,2,2,7,6,9,0,6,64,AI Engineer
4,7,2,7,3,5,4,7,4,6,9,5,5,3,8,9,4,7,9,72,AI Engineer
7,5,6,6,1,6,10,1,6,8,10,5,5,5,5,5,5,5,4,72,AI Engineer
9,9,3,6,9,6,8,4,4,3,3,7,5,7,6,9,5,9,10,100,Full Stack Developer
3,2,6,4,3,6,5,6,8,6,4,7,3,2,6,5,5,10,7,74,Cybersecurity Engineer
5,8,4,9,4,8,2,7,4,4,4,6,8,9,6,9,8,7,10,76,Full Stack Developer
3,7,10,10,7,5,2,10,6,7,5,5,10,8,3,5,7,5,7,58,Full Stack Developer
3,5,4,8,2,6,2,8,6,9,5,6,0,7,7,3,6,6,10,100,Cybersecurity Engineer
5,3,6,0,3,2,5,3,6,4,6,10,10,3,10,3,6,5,4,100,AI Engineer
7,6,4,9,6,4,4,7,7,2,7,5,7,6,6,8,8,3,7,100,Full Stack Developer
7,8,7,3,9,8,3,2,10,7,10,5,4,1,5,4,8,4,6,100,Data Analyst
7,4,3,8,3,8,7,4,10,4,10,2,5,7,2,6,4,6,9,100,Data Analyst
5,9,3,5,6,5,3,7,6,1,8,8,8,10,2,9,8,7,9,93,Full Stack Developer
7,4,6,3,5,3,9,3,7,1,9,5,5,10,8,2,5,2,6,87,AI Engineer
5,6,8,6,7,10,5,3,7,1,9,5,6,3,9,7,6,4,3,98,Data Analyst
9,4,3,8,1,6,7,4,7,5,10,8,5,4,6,5,4,2,6,100,AI Engineer
5,5,6,2,7,5,5,4,4,8,3,10,4,2,9,4,5,9,5,87,Cybersecurity Engineer
8,7,5,1,2,9,6,3,7,6,10,10,9,3,8,4,5,2,1,88,AI Engineer
5,3,3,4,8,10,7,7,5,4,10,6,4,5,6,5,2,2,7,38,Data Analyst
7,6,4,6,7,10,6,0,1,8,3,4,8,3,6,5,9,10,10,100,Cybersecurity Engineer
5,6,5,0,3,2,1,1,4,6,10,7,5,3,10,6,7,9,8,100,Cybersecurity Engineer
6,6,5,6,7,5,5,9,7,4,5,6,5,5,3,7,7,5,3,100,Full Stack Developer
4,3,3,9,10,7,0,10,4,7,3,6,8,8,2,5,10,4,8,100,Full Stack Developer
6,4,6,3,4,9,8,6,10,7,10,8,10,5,3,0,10,9,4,100,Data Analyst
8,7,0,5,8,3,10,6,10,3,9,3,9,0,3,6,4,5,8,87,AI Engineer
5,8,5,5,5,8,0,0,4,5,6,9,8,2,4,7,7,5,4,100,Cybersecurity Engineer
6,8,6,8,6,5,5,4,6,4,7,2,9,6,3,6,5,5,8,100,AI Engineer
10,1,6,5,6,6,4,4,7,0,10,8,7,3,10,7,7,4,3,86,AI Engineer
8,0,1,8,6,4,10,3,7,4,10,10,3,7,7,9,4,5,8,52,AI Engineer
3,9,7,6,4,4,7,6,6,9,8,7,1,9,5,6,10,8,10,100,Cybersecurity Engineer
7,6,5,0,6,6,1,0,9,6,4,4,8,5,5,6,6,7,6,97,Data Analyst
6,2,6,4,5,8,4,6,6,9,10,3,6,8,2,9,6,5,5,100,Data Analyst
7,6,8,9,2,9,7,7,0,4,5,4,7,10,10,7,6,3,7,98,Full Stack Developer
3,7,4,7,8,3,10,6,1,8,4,5,4,6,5,7,7,8,6,100,Full Stack Developer
9,4,4,9,9,6,3,10,5,6,7,3,7,7,5,8,7,10,8,92,Full Stack Developer
7,4,4,10,10,7,4,8,5,4,5,6,0,5,6,6,6,4,6,100,Full Stack Developer
4,8,9,0,5,5,8,6,6,6,7,4,7,6,7,3,5,7,4,100,Cybersecurity Engineer
7,4,2,5,4,7,5,2,5,1,7,4,10,6,10,4,3,2,8,100,Data Analyst
5,7,4,7,6,9,9,7,6,5,10,7,6,6,8,4,3,9,10,82,AI Engineer
7,10,4,10,8,7,6,7,6,5,6,6,9,5,5,7,8,2,9,88,Full Stack Developer
7,3,5,3,0,4,10,6,9,8,10,5,5,6,9,2,8,3,6,86,Data Analyst
7,1,3,7,6,4,6,4,8,4,7,7,7,7,7,1,2,1,7,100,Data Analyst
8,5,7,8,0,6,5,6,0,5,6,5,6,1,9,6,6,7,4,88,Cybersecurity Engineer
7,4,8,5,7,6,4,5,5,6,2,3,2,8,5,10,3,10,10,100,Cybersecurity Engineer
4,7,3,4,5,9,4,2,5,6,10,6,6,2,4,5,7,6,2,70,Data Analyst
1,7,2,9,7,9,2,4,5,3,5,5,4,4,4,4,9,4,9,66,Full Stack Developer
6,8,1,9,7,5,3,8,6,5,6,6,10,7,8,6,10,6,4,100,Full Stack Developer
7,4,9,5,5,5,10,3,5,8,10,10,6,3,3,5,5,6,9,87,AI Engineer
4,0,7,10,6,2,1,9,6,4,8,4,6,8,7,9,8,8,9,67,Full Stack Developer
6,4,4,5,5,10,6,2,2,5,9,5,2,3,8,7,7,6,1,100,Data Analyst
8,10,3,10,8,10,5,10,7,3,3,9,9,4,4,6,8,8,10,70,Full Stack Developer
6,2,7,10,6,4,6,7,4,5,5,4,7,4,5,7,7,7,5,100,Full Stack Developer
9,5,4,3,3,8,1,5,5,4,4,10,1,5,10,7,7,7,4,100,Cybersecurity Engineer
8,3,10,3,7,9,9,2,6,0,9,8,6,0,4,3,7,6,5,100,AI Engineer
10,3,2,8,1,5,8,2,8,4,10,7,4,8,5,9,8,9,5,73,AI Engineer
5,7,4,8,6,5,6,1,8,9,10,9,5,3,3,7,6,5,3,100,Cybersecurity Engineer
3,2,10,2,5,6,6,4,4,7,10,7,8,9,1,1,5,7,5,85,Cybersecurity Engineer
8,8,6,1,6,7,5,5,7,10,4,7,5,5,6,4,5,10,6,94,Cybersecurity Engineer
10,5,9,10,8,3,4,7,9,4,3,2,7,2,7,6,3,6,7,79,Full Stack Developer
2,6,5,5,5,5,4,6,6,10,6,3,7,5,7,8,9,10,9,54,Cybersecurity Engineer
5,4,4,7,4,7,2,6,6,0,10,4,1,6,6,2,6,4,10,87,Data Analyst
8,4,7,7,3,7,10,6,8,4,10,7,4,6,10,5,6,4,1,90,AI Engineer
3,8,4,6,4,7,3,4,6,4,5,6,3,2,4,5,7,10,4,100,AI Engineer
2,5,7,9,5,10,5,8,7,4,10,7,2,2,9,6,5,6,7,100,Data Analyst
2,10,6,10,10,3,3,7,4,7,3,4,7,9,9,5,6,9,2,100,Full Stack Developer
3,10,3,10,7,7,10,10,7,2,4,8,8,6,6,9,10,1,6,97,Full Stack Developer
4,1,4,5,3,8,8,6,10,7,8,7,4,3,8,9,4,6,7,71,Data Analyst
5,6,2,8,2,4,1,6,3,6,9,5,4,6,7,6,4,7,8,100,Cybersecurity Engineer
7,4,9,8,5,2,3,6,3,7,7,9,5,3,10,6,7,9,5,70,Cybersecurity Engineer
7,5,9,4,6,2,9,3,6,9,6,6,10,4,9,0,5,10,6,100,Cybersecurity Engineer
4,6,7,4,5,5,4,3,7,10,1,6,4,5,10,6,6,10,7,86,Cybersecurity Engineer
6,3,8,6,0,7,1,6,4,10,6,2,5,3,10,7,4,10,9,98,Cybersecurity Engineer
7,4,5,0,6,8,9,3,9,7,9,5,7,1,6,4,1,7,10,100,Data Analyst
9,6,3,1,2,5,8,7,4,4,9,8,1,3,7,8,6,1,8,95,AI Engineer
6,3,5,4,4,8,8,0,6,7,5,5,6,8,9,6,7,9,4,100,Cybersecurity Engineer
3,3,5,7,6,9,5,7,4,6,5,2,1,2,9,5,7,7,8,90,Full Stack Developer
4,3,4,10,10,1,8,9,7,4,5,8,4,9,6,4,3,8,6,74,Full Stack Developer
7,4,6,5,1,10,7,6,4,2,10,2,4,8,3,2,6,5,8,100,Data Analyst
5,5,8,3,4,9,9,3,6,6,8,4,3,2,5,0,5,0,10,90,Data Analyst
8,2,6,3,0,10,4,9,6,3,10,6,6,3,5,4,4,8,7,100,Data Analyst
7,6,3,6,7,9,3,6,9,7,8,5,5,7,4,4,0,3,8,99,Data Analyst
3,6,7,4,5,1,5,5,7,8,7,4,1,5,4,7,6,9,4,100,Cybersecurity Engineer
7,5,2,7,2,4,8,8,6,6,10,8,4,3,4,5,6,2,6,65,AI Engineer
9,10,9,3,5,8,7,4,8,1,7,5,10,6,8,5,8,5,8,95,Data Analyst
7,5,5,5,3,7,3,4,8,1,9,8,6,5,5,5,3,0,9,100,Data Analyst
8,1,2,1,5,10,4,5,5,6,10,7,4,5,6,4,7,4,4,87,Data Analyst
4,7,7,3,6,5,6,3,2,6,5,5,2,5,5,3,4,5,6,100,Cybersecurity Engineer
4,3,6,10,10,8,6,7,5,5,5,4,3,8,6,0,3,1,10,93,Full Stack Developer
9,7,3,4,4,2,8,1,2,3,6,4,2,5,5,6,6,4,5,79,AI Engineer
4,2,9,10,10,0,6,7,4,5,4,7,10,7,6,7,6,2,2,100,Full Stack Developer
7,3,1,4,2,6,10,5,4,10,10,5,5,7,7,9,6,5,8,100,AI Engineer
10,6,4,6,7,1,3,3,5,2,10,5,5,3,8,0,5,6,8,69,AI Engineer
7,5,9,7,5,6,7,0,6,5,7,8,8,2,10,5,3,8,4,100,AI Engineer
8,1,7,6,2,10,4,5,0,10,3,6,5,4,4,9,7,10,7,100,Cybersecurity Engineer
4,0,3,7,4,6,9,8,6,2,6,10,10,5,5,8,6,3,7,100,AI Engineer
7,6,0,5,2,8,8,4,10,6,10,2,7,4,1,3,7,5,8,100,Data Analyst
9,3,5,7,8,5,7,10,6,2,5,5,10,9,7,4,2,8,6,100,Full Stack Developer
6,5,6,0,3,7,5,8,6,2,10,10,5,8,10,3,9,2,7,97,AI Engineer
4,3,4,10,10,8,2,6,9,5,4,7,3,3,3,5,7,3,7,100,Full Stack Developer
4,6,8,1,3,6,2,6,5,8,5,8,3,7,10,7,7,6,6,100,Cybersecurity Engineer
6,3,6,6,3,4,8,5,9,4,9,5,3,9,6,5,4,10,3,76,AI Engineer
5,7,4,5,4,7,8,1,9,3,6,3,9,7,7,2,6,9,7,100,AI Engineer
6,7,5,8,5,4,6,7,3,6,7,7,5,9,6,8,7,5,1,48,Cybersecurity Engineer
6,5,5,5,2,7,0,6,9,7,6,7,5,7,7,5,6,10,3,68,Cybersecurity Engineer
4,5,3,10,10,4,5,9,8,3,4,7,4,2,5,8,8,0,8,35,Full Stack Developer
6,5,5,4,2,4,4,5,5,6,4,8,5,8,6,4,7,8,3,100,Cybersecurity Engineer
7,8,6,3,4,5,9,4,5,7,9,5,2,6,10,7,3,7,5,83,Cybersecurity Engineer
7,5,7,7,6,6,3,4,1,8,7,6,5,6,7,6,10,8,4,100,Cybersecurity Engineer
9,10,5,2,3,7,6,3,5,8,8,5,9,4,0,4,6,10,5,85,Cybersecurity Engineer
9,7,3,9,8,3,5,10,9,6,4,4,4,6,6,10,4,1,6,100,Full Stack Developer
2,6,5,3,5,9,3,3,5,6,5,4,4,9,10,8,4,9,9,77,Cybersecurity Engineer
9,4,1,5,7,4,5,2,10,0,10,4,5,6,9,5,4,4,9,63,Data Analyst
8,8,8,10,7,6,3,5,2,9,4,9,10,7,5,6,5,9,10,100,Full Stack Developer
10,1,7,9,5,6,3,7,6,10,5,4,4,9,7,8,5,7,6,100,Cybersecurity Engineer
6,6,6,3,4,6,3,7,0,9,10,8,3,9,6,5,7,10,10,87,Cybersecurity Engineer
6,8,3,4,9,9,7,6,5,5,10,8,10,9,5,2,5,6,3,70,Data Analyst
6,4,3,6,8,9,6,4,7,7,8,3,9,5,10,9,7,8,8,100,Cybersecurity Engineer
6,7,8,6,8,7,8,3,8,3,7,6,9,7,4,3,4,5,7,100,Data Analyst
7,7,5,10,10,6,1,10,3,3,8,7,9,5,6,3,4,6,7,100,Full Stack Developer
7,6,3,5,6,3,2,7,4,3,6,8,4,3,7,7,1,10,7,100,Cybersecurity Engineer
10,5,7,1,5,5,8,6,7,3,10,7,4,3,4,3,9,7,5,98,AI Engineer
8,4,7,6,6,10,2,1,6,4,10,1,8,1,6,5,10,4,4,47,Data Analyst
2,6,5,4,3,4,7,2,0,6,6,5,4,6,7,10,5,10,7,96,Cybersecurity Engineer
6,7,5,4,5,6,5,5,7,10,6,8,4,6,2,7,3,10,8,89,Cybersecurity Engineer
2,8,7,8,5,0,10,2,5,4,10,9,7,4,7,6,5,7,9,97,AI Engineer
6,4,4,3,2,3,6,6,5,5,10,6,3,8,9,4,4,8,6,39,AI Engineer
6,2,7,10,8,3,5,10,9,7,6,6,6,5,8,5,9,2,3,100,Full Stack Developer
7,7,7,8,1,4,5,8,7,10,8,2,5,8,6,5,7,5,5,99,AI Engineer
10,5,2,10,10,4,6,2,7,5,10,5,8,3,9,4,8,5,6,100,AI Engineer
9,9,2,6,4,7,4,6,1,6,9,6,4,6,8,6,7,3,7,93,AI Engineer
4,0,8,6,5,7,10,4,6,1,7,8,6,5,10,6,3,2,7,100,AI Engineer
3,4,3,6,6,10,4,6,9,5,10,4,5,4,8,2,5,8,5,100,Data Analyst
5,5,5,7,8,7,7,4,6,3,7,6,5,8,6,6,8,8,6,47,Data Analyst
5,3,2,3,3,8,7,3,5,2,10,7,7,4,3,6,6,3,4,90,Data Analyst
5,5,4,7,1,3,8,4,7,4,7,1,4,5,5,7,6,6,6,86,AI Engineer
6,6,4,1,5,9,4,0,6,2,10,6,4,6,3,4,5,6,2,100,Data Analyst
7,6,5,4,6,7,4,5,8,2,8,6,4,6,8,3,6,7,4,88,Data Analyst
10,4,4,7,5,6,6,4,6,7,6,10,7,2,5,7,8,5,5,63,AI Engineer
6,5,2,8,6,7,7,1,4,5,10,8,6,5,9,7,8,5,6,68,AI Engineer
4,1,8,3,4,8,6,5,4,7,5,9,7,10,8,8,6,6,9,80,Cybersecurity Engineer
5,3,7,3,6,7,5,6,8,4,10,3,6,3,5,4,5,3,5,100,AI Engineer
1,2,7,9,7,1,2,8,6,3,5,1,5,9,3,9,8,3,6,100,Full Stack Developer
6,5,5,3,4,7,7,0,7,4,10,7,7,3,2,9,8,0,8,100,Data Analyst
10,5,2,4,6,10,7,7,9,1,10,7,7,8,2,4,8,4,6,100,Data Analyst
1,3,2,5,2,3,6,2,6,1,5,9,3,3,8,4,4,3,8,87,AI Engineer
4,7,3,4,7,5,4,6,1,7,4,4,5,8,9,7,7,10,5,73,Cybersecurity Engineer
6,6,3,10,10,10,9,10,4,2,6,7,0,4,3,4,3,6,8,98,Full Stack Developer
3,3,5,3,10,10,6,7,8,5,4,6,10,5,4,7,6,4,4,44,Full Stack Developer
7,6,4,2,9,7,2,1,3,7,3,7,6,6,10,7,4,5,3,87,Cybersecurity Engineer
3,4,7,6,8,7,5,6,5,2,8,8,6,8,4,6,5,6,7,95,Full Stack Developer
10,0,4,1,1,7,9,5,5,5,10,8,3,3,3,5,1,9,3,100,AI Engineer
4,8,8,5,4,4,9,2,8,3,10,7,4,6,4,8,8,3,4,100,AI Engineer
9,3,2,0,4,2,1,6,5,7,5,7,3,6,9,9,1,9,7,100,Cybersecurity Engineer
7,9,5,7,5,8,6,6,6,3,10,4,6,4,2,6,6,1,7,63,Data Analyst
5,4,3,7,3,5,6,6,9,3,10,3,3,6,7,6,7,1,9,99,Data Analyst
4,8,9,8,9,6,5,6,2,8,3,4,7,2,3,5,6,5,2,100,Full Stack Developer
4,9,7,10,6,10,6,7,4,3,6,4,9,4,8,8,6,6,8,59,Full Stack Developer
1,4,3,10,10,3,9,5,6,4,5,2,1,6,8,9,4,5,6,100,Full Stack Developer
7,5,7,10,7,2,4,7,5,2,7,6,6,4,3,7,1,7,6,89,Full Stack Developer
10,3,6,3,2,7,10,3,5,3,10,8,8,7,8,5,5,7,6,73,Data Analyst
4,7,3,9,6,6,7,9,6,7,4,3,5,3,7,6,7,2,7,100,Full Stack Developer
7,4,4,7,8,8,10,2,6,3,10,9,5,5,8,0,5,3,3,100,AI Engineer
9,7,7,6,5,6,7,8,2,8,8,10,2,5,5,3,7,7,4,70,AI Engineer
6,4,5,7,4,6,5,7,7,3,6,4,4,6,4,6,6,7,5,100,Data Analyst
9,6,6,3,1,5,10,5,5,8,9,8,5,6,6,4,4,2,5,50,AI Engineer
7,6,9,7,10,2,5,7,3,2,4,9,4,9,2,3,10,2,7,87,Full Stack Developer
4,1,6,3,7,3,5,4,7,9,5,8,5,2,8,6,1,5,5,100,Cybersecurity Engineer
5,3,7,7,2,5,7,0,3,4,9,9,2,6,4,7,4,2,9,83,AI Engineer
3,4,8,5,7,6,1,9,6,8,7,8,2,7,6,3,3,5,5,83,Cybersecurity Engineer
8,6,4,5,3,3,5,2,4,2,5,10,7,4,8,7,9,3,7,95,AI Engineer
10,6,7,9,10,6,0,8,2,5,7,2,5,9,4,8,7,7,6,44,Full Stack Developer
6,7,3,4,7,10,7,1,8,5,10,5,9,1,6,3,7,3,10,100,Data Analyst
5,5,6,8,10,4,5,7,5,5,4,9,4,6,3,4,6,4,6,77,Full Stack Developer
8,6,2,10,10,5,4,7,7,9,6,5,10,8,5,10,4,5,9,88,Full Stack Developer
9,6,6,5,2,9,8,1,7,9,10,3,2,7,8,2,8,8,5,97,Cybersecurity Engineer
7,7,6,5,7,5,5,2,9,0,10,10,8,3,6,3,4,2,4,100,Data Analyst
10,4,9,1,6,6,7,4,4,3,4,9,8,0,10,5,7,1,9,100,AI Engineer
6,4,5,2,3,8,6,3,1,6,4,10,5,3,2,0,5,4,7,42,Data Analyst
9,9,1,6,2,7,7,8,9,5,7,1,4,9,5,8,2,5,6,100,Data Analyst
3,8,7,4,3,1,0,4,6,10,5,5,2,4,7,6,4,10,6,100,Cybersecurity Engineer
6,5,7,2,6,5,10,2,6,7,8,6,2,4,8,5,9,10,7,100,Cybersecurity Engineer
4,6,9,10,8,5,3,10,5,4,2,6,4,7,3,6,3,7,6,87,Full Stack Developer
6,8,4,8,5,9,4,7,9,4,10,2,5,4,4,6,6,6,6,100,Full Stack Developer
4,3,7,10,9,5,6,5,9,3,4,7,8,7,2,7,10,5,8,100,Full Stack Developer
3,5,6,4,2,7,6,8,1,0,10,7,7,3,5,2,2,5,7,93,Data Analyst
5,2,5,3,2,8,4,1,3,5,4,8,6,7,7,6,7,8,4,100,Cybersecurity Engineer
2,3,1,4,8,5,6,0,8,9,5,10,1,10,6,3,5,6,8,94,Cybersecurity Engineer
6,8,7,7,8,9,4,3,5,7,2,4,4,8,5,7,8,2,4,86,Full Stack Developer
1,1,10,7,9,4,3,4,3,10,6,10,6,9,3,10,5,9,4,74,Cybersecurity Engineer
4,9,7,2,3,6,0,1,1,1,8,9,7,3,6,5,4,6,2,45,Cybersecurity Engineer
2,1,6,5,8,6,4,7,5,2,1,4,7,7,10,8,8,7,7,100,Full Stack Developer
7,7,6,4,0,4,9,2,7,5,10,3,9,6,6,8,10,1,5,50,AI Engineer
8,0,3,3,8,2,8,5,8,5,10,8,2,6,9,2,5,2,8,99,AI Engineer
10,4,5,9,2,7,8,2,4,10,6,6,5,4,6,3,9,9,10,100,Cybersecurity Engineer
10,7,6,7,10,5,4,2,1,8,5,7,2,0,2,6,7,10,8,59,Cybersecurity Engineer
6,4,4,6,2,10,9,3,10,0,10,10,4,6,9,4,6,8,4,100,Data Analyst
9,0,4,5,4,5,5,5,6,3,10,8,3,6,8,7,3,7,4,98,AI Engineer
7,6,8,5,7,6,5,1,1,5,6,2,10,5,2,6,3,3,3,86,Full Stack Developer
5,2,4,3,5,9,6,7,7,5,10,1,4,5,8,3,9,5,7,88,Data Analyst
6,0,3,10,9,8,3,7,5,7,8,8,6,3,2,7,8,9,6,71,Full Stack Developer
0,5,7,9,10,7,2,10,7,6,6,8,6,9,6,7,9,0,8,100,Full Stack Developer
6,3,6,3,8,5,0,8,6,6,10,6,8,9,9,4,2,5,6,100,Full Stack Developer
3,5,9,7,4,7,6,7,4,6,6,4,6,3,6,10,10,9,8,64,Cybersecurity Engineer
6,5,4,3,6,10,6,5,8,6,6,6,3,9,6,7,2,4,6,100,Data Analyst
3,8,3,6,5,10,4,9,2,5,10,7,2,1,10,6,0,4,2,100,Data Analyst
0,4,7,10,8,6,5,10,6,5,9,6,1,3,7,2,5,3,10,100,Full Stack Developer
9,7,0,5,5,4,6,0,9,7,8,9,5,7,6,4,6,3,9,100,AI Engineer
5,6,7,2,5,4,5,0,9,1,9,3,7,4,6,5,8,6,6,89,AI Engineer
4,6,6,0,5,4,6,1,4,10,5,4,3,7,6,2,6,8,8,63,Cybersecurity Engineer
8,2,4,7,4,2,8,3,6,2,7,1,4,6,5,6,9,4,6,100,AI Engineer
6,2,10,3,5,4,8,9,9,7,10,6,1,5,6,7,6,8,8,90,AI Engineer
10,7,5,4,6,4,6,3,6,4,10,10,6,6,6,8,10,1,6,74,AI Engineer
5,7,4,4,5,7,8,5,5,5,7,7,4,10,7,4,4,6,5,100,Data Analyst
6,7,8,3,2,5,5,5,5,6,7,7,4,9,8,3,8,7,9,100,Cybersecurity Engineer
5,0,8,5,6,5,6,6,9,4,10,5,5,3,10,6,8,2,8,100,AI Engineer
10,6,9,5,6,2,9,9,2,6,7,6,4,7,7,6,5,10,6,83,Cybersecurity Engineer
7,4,4,6,6,5,7,5,6,7,6,5,5,6,7,8,6,5,9,90,Data Analyst
3,7,4,10,7,7,2,3,2,7,6,9,4,7,4,5,5,3,8,100,Full Stack Developer
2,5,6,6,4,10,7,8,10,1,5,6,6,3,7,7,6,3,3,100,Data Analyst
6,6,8,5,2,10,2,5,2,6,6,8,8,4,9,5,0,9,8,95,Cybersecurity Engineer
4,7,4,0,3,3,9,5,2,3,9,5,9,7,6,3,2,7,5,100,AI Engineer
6,4,4,7,10,10,3,8,2,7,2,4,10,4,0,8,5,2,10,100,Full Stack Developer
6,2,5,4,3,6,3,5,4,8,10,6,0,1,9,7,9,8,8,74,Cybersecurity Engineer
5,6,2,4,2,9,6,4,7,5,9,6,3,6,5,5,4,10,0,93,Data Analyst
8,7,5,8,5,7,3,5,10,1,7,5,2,7,3,7,7,6,7,100,Data Analyst
5,3,4,5,6,6,6,6,8,9,10,4,8,9,10,7,9,6,5,94,AI Engineer
5,7,3,3,3,7,1,6,6,7,3,4,10,2,6,1,1,10,5,100,Cybersecurity Engineer
5,5,8,3,4,5,5,6,8,2,10,8,10,6,6,6,2,2,5,58,Data Analyst
2,2,3,3,10,5,9,4,4,5,10,6,7,7,7,2,9,5,10,100,AI Engineer
10,1,3,8,5,3,10,2,4,4,9,4,4,3,8,6,6,7,5,100,AI Engineer
3,8,5,5,10,7,8,6,8,2,6,8,10,9,5,4,5,2,5,100,Full Stack Developer
8,5,5,1,4,7,9,8,8,9,10,7,5,4,7,3,4,4,4,100,Data Analyst
7,3,8,7,8,1,5,6,5,3,2,7,4,10,5,6,4,3,9,100,Full Stack Developer
6,7,5,6,6,8,7,7,4,3,10,7,8,5,3,7,8,6,4,100,Data Analyst
2,6,4,2,4,8,6,2,8,3,8,4,5,3,10,6,2,5,8,100,Data Analyst
5,7,6,9,2,7,3,3,7,0,7,4,3,5,9,7,7,6,7,61,AI Engineer
1,4,5,5,7,7,4,9,6,10,5,7,9,6,7,2,5,7,7,100,Cybersecurity Engineer
5,7,2,7,10,7,3,7,6,2,5,3,3,7,5,6,5,7,8,96,Full Stack Developer
7,6,4,5,6,7,7,4,9,3,10,4,6,3,5,5,3,2,3,100,Data Analyst
8,6,7,4,4,9,4,6,5,4,6,6,3,4,3,8,7,9,2,100,Cybersecurity Engineer
5,6,5,6,5,6,8,4,10,8,6,4,3,4,5,7,1,5,1,91,Cybersecurity Engineer
5,4,6,7,1,3,5,4,5,1,9,10,3,5,9,4,7,1,9,100,AI Engineer
7,3,4,7,6,6,10,5,4,7,7,3,6,6,5,6,4,2,6,100,AI Engineer
5,2,7,3,6,4,3,5,4,4,9,5,7,6,2,7,4,7,10,100,Cybersecurity Engineer
8,4,5,3,1,5,6,3,5,3,10,9,4,5,7,8,6,6,6,75,AI Engineer
5,4,5,10,5,10,10,7,4,6,1,7,10,4,1,7,5,5,7,91,Full Stack Developer
7,8,4,6,2,2,2,0,3,10,10,8,3,7,9,6,4,5,5,100,Cybersecurity Engineer
6,10,5,10,6,6,9,5,4,4,9,10,7,4,9,6,6,0,4,100,Data Analyst
5,2,4,6,4,6,4,8,0,7,8,9,5,5,5,5,4,9,5,100,Cybersecurity Engineer
10,2,6,5,5,8,3,4,4,0,5,6,2,7,7,5,4,5,6,83,AI Engineer
8,10,7,8,9,3,6,8,4,2,8,6,8,8,6,5,6,4,8,100,Full Stack Developer
5,6,4,4,5,3,5,1,7,1,10,1,8,6,6,4,5,5,8,100,AI Engineer
5,5,3,2,7,9,4,6,6,3,8,1,5,4,5,5,6,6,5,77,Data Analyst
5,6,10,5,7,5,5,3,1,7,4,6,8,2,8,6,5,6,5,100,Cybersecurity Engineer
4,10,2,6,2,6,2,6,4,7,7,9,5,6,6,5,9,9,5,100,Cybersecurity Engineer
1,6,3,10,10,4,2,10,4,4,7,2,7,9,9,9,6,8,7,100,Full Stack Developer
6,4,9,5,1,5,10,9,2,0,10,7,5,5,2,6,6,8,4,100,AI Engineer
8,5,8,4,5,6,9,4,5,10,4,4,8,7,7,3,3,3,10,94,AI Engineer
5,7,4,4,1,8,5,7,6,5,10,5,7,7,5,7,4,6,7,97,Data Analyst
6,3,3,7,2,5,5,4,4,10,2,8,9,9,6,8,4,7,6,97,Cybersecurity Engineer
3,5,4,6,5,1,10,1,6,6,7,4,8,1,9,3,8,5,5,100,Cybersecurity Engineer
10,4,8,6,3,7,8,6,9,5,9,10,10,6,1,7,6,2,5,77,Data Analyst
9,5,2,7,5,2,9,5,5,4,10,6,7,4,7,6,4,3,5,72,AI Engineer
5,2,3,5,8,7,8,5,7,0,4,5,6,6,5,3,8,5,8,75,Full Stack Developer
3,6,8,6,9,9,5,5,5,5,6,8,8,9,3,3,8,5,9,100,Full Stack Developer
2,8,3,4,5,9,10,5,5,3,7,2,3,1,9,7,5,7,4,79,AI Engineer
8,3,4,8,4,6,8,5,10,5,7,7,4,2,10,5,4,4,9,100,Data Analyst
6,4,6,10,10,6,5,10,5,4,8,8,5,10,2,7,8,7,5,79,Full Stack Developer
5,7,10,9,7,4,5,9,5,2,3,7,5,7,6,6,5,6,5,61,Full Stack Developer
8,8,3,5,5,3,10,3,9,4,10,2,1,4,7,9,10,0,6,28,AI Engineer
4,6,5,1,0,2,0,3,0,7,6,8,5,10,5,3,8,9,5,100,Cybersecurity Engineer
6,2,4,5,5,8,4,6,7,6,10,10,8,5,7,3,3,6,7,100,Data Analyst
2,9,5,2,5,6,10,4,6,3,10,5,4,5,4,10,9,4,2,100,AI Engineer
10,4,2,4,6,9,8,6,8,7,5,6,7,2,5,3,3,2,7,100,AI Engineer
8,7,6,4,8,6,7,10,6,5,4,4,6,2,6,4,1,8,3,64,Cybersecurity Engineer
8,5,5,5,4,1,10,5,3,4,10,8,0,4,4,5,4,5,5,87,AI Engineer
7,3,10,5,4,3,10,4,8,7,9,9,4,4,10,5,6,5,6,68,AI Engineer
7,9,4,10,8,7,6,8,5,5,5,5,5,5,8,1,5,5,7,94,Full Stack Developer
6,1,5,4,4,4,8,4,6,5,9,4,8,7,8,7,7,6,1,96,AI Engineer
2,3,8,3,3,3,5,0,5,10,5,5,1,7,9,8,10,10,2,100,Cybersecurity Engineer
5,9,4,7,4,3,3,7,6,1,3,8,5,8,9,4,4,9,9,58,Full Stack Developer
9,5,4,5,1,5,9,4,4,4,10,2,9,4,8,8,1,4,5,91,AI Engineer
8,6,3,8,2,5,10,6,4,2,4,10,4,3,9,5,5,6,7,100,Data Analyst
5,3,4,3,4,6,7,7,10,6,9,8,9,6,5,7,6,3,5,100,AI Engineer
3,6,6,3,1,6,8,2,10,2,5,5,2,5,5,3,9,4,3,79,Data Analyst
5,3,5,6,2,6,7,3,4,10,6,0,4,7,7,5,7,9,6,93,Cybersecurity Engineer
8,7,6,10,7,7,1,5,6,5,5,4,7,6,5,6,4,5,9,77,Full Stack Developer
7,5,2,1,0,8,2,3,9,6,6,9,5,4,9,7,2,1,6,88,Data Analyst
4,4,6,3,3,5,8,4,3,8,4,7,4,4,5,9,6,9,6,64,Cybersecurity Engineer
4,8,2,4,2,7,8,4,6,5,8,5,6,7,7,3,7,5,0,100,AI Engineer
4,2,5,7,3,1,10,3,3,4,10,4,5,3,2,3,2,6,6,100,AI Engineer
3,6,6,10,10,9,5,2,5,6,10,10,7,4,4,6,5,3,5,100,Data Analyst
9,4,8,1,1,6,6,10,8,2,8,1,2,4,10,10,7,3,7,94,AI Engineer
5,4,4,5,5,10,5,1,10,6,10,8,5,7,5,9,5,4,5,100,Data Analyst
10,5,7,6,10,5,6,5,7,6,4,4,5,6,7,5,1,6,10,73,Full Stack Developer
5,5,6,8,9,4,7,8,8,4,8,5,2,9,5,9,7,9,6,100,Full Stack Developer
7,8,7,3,5,8,7,3,0,6,3,7,6,5,9,8,5,7,7,100,Cybersecurity Engineer
4,5,3,9,5,4,3,7,6,6,5,6,5,9,9,8,2,7,8,94,Full Stack Developer
5,0,3,2,4,6,6,1,7,6,6,10,7,7,10,10,7,5,4,100,AI Engineer
6,2,4,8,6,7,5,5,7,9,10,8,5,5,7,7,3,5,5,100,Data Analyst
10,3,4,6,8,6,7,5,5,8,7,1,6,8,10,5,7,5,2,60,AI Engineer
4,5,6,6,5,10,6,2,8,3,10,7,10,6,6,2,3,8,5,100,Data Analyst
5,5,7,3,0,1,3,6,3,9,10,3,5,4,5,5,6,10,5,100,Cybersecurity Engineer
8,6,3,5,2,9,5,1,7,6,10,4,7,0,6,9,7,3,6,100,Data Analyst
7,9,6,6,5,7,4,0,1,4,4,5,8,6,5,7,10,5,10,100,Cybersecurity Engineer
4,3,6,3,4,9,3,7,8,9,3,9,7,6,5,6,7,5,3,100,Cybersecurity Engineer
6,4,4,3,7,8,10,7,6,7,6,8,9,6,5,6,3,3,6,63,Data Analyst
1,7,6,4,5,7,1,4,5,6,10,6,6,8,9,6,9,10,7,100,Cybersecurity Engineer
5,5,0,7,2,9,6,4,7,5,8,6,4,4,4,4,6,1,9,93,Data Analyst
7,4,3,8,8,7,7,10,5,1,5,7,10,4,4,3,5,1,10,100,Full Stack Developer
7,0,4,6,8,8,6,5,6,10,7,6,6,6,10,8,4,6,8,86,Cybersecurity Engineer
7,2,8,10,9,3,0,9,6,4,7,4,8,6,6,10,6,4,8,70,Full Stack Developer
6,8,6,9,2,8,7,4,5,7,6,3,8,4,7,9,5,10,10,100,Cybersecurity Engineer
3,5,4,6,9,9,6,9,8,7,1,5,4,6,5,3,7,6,7,76,Full Stack Developer
0,6,6,7,5,8,4,3,9,0,10,5,5,6,6,6,2,3,7,95,Data Analyst
10,6,5,7,5,5,7,1,8,6,10,9,6,2,8,3,4,7,6,92,AI Engineer
6,5,2,8,7,10,10,6,3,9,8,5,5,7,8,6,5,10,4,79,AI Engineer
6,0,8,3,10,3,0,7,8,7,7,4,5,2,5,6,6,2,5,100,Full Stack Developer
6,8,9,4,4,9,10,5,4,3,7,4,2,4,8,5,8,3,7,100,AI Engineer
9,1,6,6,7,8,8,3,6,8,10,4,6,4,4,4,3,6,7,87,Data Analyst
7,7,6,9,10,6,5,10,4,7,7,7,6,8,6,5,5,1,6,95,Full Stack Developer
5,5,5,4,8,10,7,5,5,1,8,8,4,4,3,5,3,7,6,84,Data Analyst
8,6,10,6,6,4,2,4,7,10,10,5,7,3,8,7,10,7,2,100,Cybersecurity Engineer
8,9,4,6,5,4,7,6,8,2,5,2,8,5,8,5,6,7,9,98,Full Stack Developer
5,2,5,7,6,7,3,10,6,4,7,7,6,8,7,3,10,6,8,63,Full Stack Developer
5,2,3,8,5,7,7,2,8,9,7,6,4,8,10,6,6,8,8,77,Data Analyst
3,1,6,5,6,10,6,7,5,0,10,0,5,6,1,4,5,7,7,75,Data Analyst
9,4,4,1,3,6,9,4,5,2,10,8,7,3,7,3,7,3,3,100,AI Engineer
10,6,4,5,3,5,5,5,3,7,3,3,3,2,6,6,4,6,6,85,Cybersecurity Engineer
7,10,1,7,7,0,4,4,6,5,6,7,2,5,6,6,4,7,6,100,Cybersecurity Engineer
8,6,7,5,5,5,4,2,2,1,7,4,6,3,7,1,5,4,8,90,Data Analyst
7,3,9,9,4,7,5,2,5,9,5,6,4,2,4,5,7,10,4,100,Cybersecurity Engineer
2,6,6,3,4,10,5,4,10,3,9,9,2,5,6,4,2,4,6,100,Data Analyst
6,5,6,8,6,4,5,2,1,5,8,5,5,5,10,2,6,8,5,96,Cybersecurity Engineer
6,8,7,10,7,2,3,10,8,5,3,2,3,6,4,8,3,3,5,100,Full Stack Developer
4,6,0,0,4,8,8,3,10,4,10,2,5,5,9,1,5,8,8,86,Data Analyst
7,5,7,8,7,5,2,6,1,1,5,7,5,4,5,3,6,8,10,89,Full Stack Developer
9,8,3,5,9,4,5,9,10,6,7,5,6,9,8,10,4,4,5,97,AI Engineer
10,0,7,3,5,3,6,6,10,7,10,5,3,2,7,1,3,3,5,100,AI Engineer
3,1,2,6,0,7,7,2,9,4,4,2,5,6,7,8,5,4,4,100,Data Analyst
9,4,8,8,7,3,4,6,3,9,8,7,4,7,6,8,3,4,3,49,Cybersecurity Engineer
7,3,5,10,7,4,2,10,5,7,7,5,7,6,7,8,3,1,4,100,Full Stack Developer
6,5,5,6,5,3,7,8,3,10,8,8,6,5,1,2,7,10,4,100,Cybersecurity Engineer
8,0,4,3,10,8,5,5,9,7,8,8,8,5,7,7,2,7,4,71,Data Analyst
6,8,6,2,2,10,10,5,7,5,9,6,5,5,4,8,7,6,1,72,Data Analyst
4,6,7,5,6,8,5,2,7,3,10,5,6,2,6,3,4,6,5,100,Data Analyst
6,5,7,1,6,8,5,8,3,1,9,3,5,6,6,7,6,3,9,100,AI Engineer
4,8,5,9,7,10,6,6,7,6,4,3,4,6,5,9,3,4,5,100,Full Stack Developer
10,4,7,5,3,10,7,2,6,10,5,8,4,6,7,6,4,3,10,100,Cybersecurity Engineer
10,6,4,4,4,3,9,8,7,10,3,8,9,7,10,7,4,6,4,100,Cybersecurity Engineer
4,6,8,6,4,6,7,5,1,2,7,5,6,7,7,3,8,7,3,100,AI Engineer
1,4,5,6,5,6,4,7,6,8,5,6,5,2,8,6,6,6,4,100,Cybersecurity Engineer
5,2,3,2,5,10,6,4,6,8,9,7,7,5,10,3,10,5,3,82,Data Analyst
7,3,6,3,5,6,8,3,3,3,8,1,4,6,8,4,4,4,7,100,AI Engineer
5,6,5,7,10,5,10,9,2,3,5,6,8,7,5,7,4,3,7,66,Full Stack Developer
3,5,9,4,3,3,5,6,6,10,5,3,8,6,9,6,7,7,8,98,Cybersecurity Engineer
2,7,5,7,10,9,4,8,2,6,7,4,4,7,3,4,3,2,6,100,Full Stack Developer
8,4,2,6,5,10,8,1,3,2,7,3,5,6,5,8,5,8,6,100,Full Stack Developer
8,5,6,3,5,10,4,6,8,7,10,7,4,4,6,2,5,0,8,80,Data Analyst
7,7,3,4,1,4,4,5,7,10,10,10,8,7,2,4,4,10,10,79,Cybersecurity Engineer
10,5,1,1,7,5,8,7,7,2,5,6,3,6,3,5,3,5,4,91,Data Analyst
7,6,1,2,3,7,4,8,2,3,2,8,5,4,7,2,6,10,10,91,Cybersecurity Engineer
7,5,8,3,7,3,9,1,5,4,10,4,1,4,8,5,5,8,3,97,AI Engineer
5,3,10,5,3,2,4,3,0,7,10,9,5,4,5,5,8,6,7,98,Cybersecurity Engineer
6,4,1,5,4,7,6,6,10,5,8,6,6,6,4,6,7,8,5,100,Data Analyst
3,3,4,8,8,6,2,7,3,5,6,8,6,7,6,6,6,4,1,76,Full Stack Developer
6,6,6,7,10,9,3,6,3,5,4,3,4,10,5,6,4,4,6,76,Full Stack Developer
6,5,6,5,3,7,7,4,8,7,6,6,7,6,6,0,2,3,5,86,Cybersecurity Engineer
6,7,5,7,3,6,9,1,4,1,9,6,1,4,8,7,5,5,6,87,AI Engineer
4,7,6,6,3,3,4,5,6,5,1,8,7,10,10,9,7,9,4,100,Cybersecurity Engineer
7,7,2,10,6,7,4,3,7,10,3,5,9,10,7,8,4,5,5,100,Cybersecurity Engineer
6,6,7,2,8,9,1,5,7,4,10,4,7,7,7,7,6,7,7,78,Data Analyst
5,6,8,10,8,9,2,10,4,2,0,8,3,8,10,3,8,3,8,100,Full Stack Developer
5,3,10,6,10,5,2,7,0,9,3,5,9,3,9,8,2,5,8,100,Full Stack Developer
6,7,4,1,0,9,7,2,1,4,10,4,2,3,9,2,3,6,8,100,AI Engineer
5,8,5,9,1,4,9,5,8,4,8,8,5,4,10,5,5,3,7,100,Data Analyst
5,0,5,3,1,10,7,8,7,2,10,7,3,3,8,5,8,6,2,100,Data Analyst
9,8,7,2,4,5,7,7,2,5,4,5,0,4,10,6,3,7,9,100,AI Engineer
8,4,2,4,4,10,7,3,4,7,4,9,1,6,5,3,1,10,9,65,Cybersecurity Engineer
7,6,6,8,7,10,10,8,7,4,5,9,5,5,1,5,6,5,4,100,Data Analyst
2,3,4,2,2,7,5,0,1,10,9,6,0,4,5,3,9,10,8,100,Cybersecurity Engineer
7,8,2,8,0,2,5,2,4,6,7,5,4,6,10,5,2,3,4,100,Cybersecurity Engineer
5,0,4,6,2,2,4,6,8,9,8,8,5,3,7,9,5,10,5,77,Cybersecurity Engineer
8,4,8,4,1,7,9,3,7,4,9,6,5,7,3,10,8,2,4,100,AI Engineer
8,10,6,5,0,9,9,9,10,2,8,2,6,3,9,4,4,5,5,77,Data Analyst
8,10,3,10,6,6,5,7,4,1,8,3,5,6,5,6,8,10,7,96,Full Stack Developer
4,5,7,10,6,6,4,8,7,4,3,4,7,7,4,9,0,7,4,100,Full Stack Developer
10,7,4,3,2,9,10,7,6,4,10,3,4,4,10,9,3,2,3,100,Data Analyst
10,6,8,1,6,4,8,0,5,0,10,8,4,2,7,4,3,4,10,100,AI Engineer
7,1,6,3,2,7,6,0,7,4,8,7,4,4,10,2,7,7,3,82,AI Engineer
10,4,4,6,4,10,6,4,9,0,7,8,7,8,1,5,8,2,4,100,Data Analyst
8,9,6,9,9,5,4,5,2,6,2,3,4,9,10,6,8,4,2,91,Full Stack Developer
7,3,2,8,6,3,6,5,7,10,3,5,1,7,6,6,4,8,6,86,Cybersecurity Engineer
7,3,5,2,3,10,4,2,10,3,10,7,2,4,5,8,6,1,5,100,Data Analyst
5,5,6,9,7,3,3,5,5,9,6,8,3,4,7,10,5,10,4,75,Cybersecurity Engineer
3,10,3,1,4,5,7,6,4,9,7,4,7,6,9,4,8,7,4,100,Cybersecurity Engineer
9,3,3,1,0,8,3,5,10,6,9,8,10,0,6,9,7,9,4,68,Data Analyst
5,3,7,3,6,7,6,3,4,8,6,7,4,6,4,5,8,2,2,100,Cybersecurity Engineer
6,8,3,7,4,7,6,7,0,10,6,7,6,7,4,2,2,7,3,100,Cybersecurity Engineer
5,5,2,4,4,9,6,10,0,8,5,6,5,3,4,6,6,6,6,64,Cybersecurity Engineer
6,7,6,5,10,9,3,3,10,3,9,7,7,2,6,3,4,6,5,100,Data Analyst
5,6,7,9,10,10,4,8,5,4,4,9,5,5,4,7,5,6,6,95,Full Stack Developer
5,8,3,9,10,8,3,8,7,3,5,7,5,4,7,0,5,2,10,100,Full Stack Developer
6,6,7,7,5,5,10,5,4,7,6,0,8,7,7,1,5,3,3,100,AI Engineer
3,4,3,10,10,7,5,3,10,4,7,7,4,5,8,2,5,0,8,100,Full Stack Developer
5,5,8,1,6,10,6,3,6,7,3,6,7,1,6,4,6,10,6,99,Cybersecurity Engineer
7,4,7,5,2,9,7,3,5,6,6,3,3,7,6,4,5,6,10,100,Data Analyst
0,4,10,10,9,8,5,7,3,3,4,6,7,8,8,2,6,2,1,96,Full Stack Developer
9,8,6,5,7,10,4,10,6,7,9,8,5,2,8,10,5,8,4,100,Data Analyst
8,6,8,6,4,5,0,7,6,4,10,10,5,3,8,1,5,4,7,100,Data Analyst
10,6,6,4,6,5,6,8,9,10,5,5,2,5,5,6,6,4,1,89,Cybersecurity Engineer
6,8,4,10,8,3,4,6,2,3,5,5,6,7,7,3,6,3,6,96,Full Stack Developer
2,6,6,7,6,8,7,4,9,3,8,4,8,3,9,8,1,5,6,88,Data Analyst
6,10,6,10,10,4,4,8,7,4,2,5,7,7,1,8,6,7,8,65,Full Stack Developer
6,2,6,4,6,7,5,7,3,7,10,3,6,5,4,7,10,7,10,70,Data Analyst
7,4,6,8,5,7,3,0,6,4,4,6,6,3,6,1,0,4,3,100,Data Analyst
9,5,4,7,6,6,7,10,5,6,2,6,4,6,5,5,9,10,7,100,Full Stack Developer
7,4,5,2,3,5,9,5,7,0,7,7,6,3,4,10,8,5,7,100,Data Analyst
5,4,6,1,0,3,3,10,8,8,6,8,5,6,6,5,4,10,5,100,Cybersecurity Engineer
2,3,5,10,9,5,0,10,3,5,3,6,4,7,5,6,6,7,9,87,Full Stack Developer
9,7,4,6,8,6,4,1,1,6,4,10,1,4,3,4,10,4,6,54,Cybersecurity Engineer
5,4,5,6,7,3,5,6,0,2,6,6,4,3,10,5,6,7,5,88,Cybersecurity Engineer
4,5,7,9,10,3,4,4,4,2,5,5,5,6,1,6,4,7,8,86,Full Stack Developer
5,7,4,5,3,7,5,2,3,6,6,8,9,4,6,4,3,10,5,65,Cybersecurity Engineer
4,7,2,1,3,7,8,8,7,5,9,1,8,5,3,7,7,0,6,100,Data Analyst
8,10,1,1,1,9,9,3,7,8,10,5,0,4,6,3,5,6,8,94,AI Engineer
4,5,9,2,2,10,8,8,10,2,10,7,1,9,4,5,5,5,5,100,Data Analyst
7,3,6,4,3,9,5,5,4,6,0,8,3,1,4,6,8,8,9,82,Cybersecurity Engineer
9,8,4,5,4,7,5,4,8,10,4,1,2,6,7,6,5,7,6,90,Cybersecurity Engineer
4,0,7,9,8,8,6,6,2,0,3,3,6,5,5,7,5,1,6,88,Full Stack Developer
9,7,9,2,3,7,8,4,5,5,6,6,6,4,4,0,4,6,7,80,AI Engineer
7,6,7,4,5,2,3,3,4,10,4,8,5,8,5,2,1,6,6,100,Cybersecurity Engineer
3,5,9,4,7,8,4,7,4,5,9,9,5,2,8,4,0,10,8,100,Cybersecurity Engineer
6,4,7,6,8,4,8,3,3,5,10,7,3,10,8,3,1,5,1,77,Data Analyst
3,4,2,5,8,6,10,5,6,5,4,5,3,6,5,5,5,5,5,73,Data Analyst
4,9,7,7,2,5,7,6,5,3,8,6,10,0,8,3,6,6,7,79,Data Analyst
5,4,6,7,8,10,5,5,7,9,8,3,3,0,6,3,6,4,10,100,AI Engineer
8,2,4,7,1,9,4,2,7,2,6,5,8,6,3,5,5,2,5,100,Data Analyst
0,8,2,9,10,5,10,8,8,8,0,8,7,6,5,8,10,4,8,100,Full Stack Developer
8,8,3,6,8,3,10,6,8,1,10,7,7,3,4,5,4,2,8,100,AI Engineer
4,3,5,10,9,8,3,6,5,3,4,6,6,6,7,6,10,6,4,91,Full Stack Developer
0,4,6,6,8,10,1,5,5,3,8,4,5,3,5,6,9,2,7,96,Full Stack Developer
8,3,7,6,2,5,9,1,10,5,7,4,6,3,9,3,6,4,5,75,AI Engineer
2,10,6,10,9,8,5,8,0,6,6,5,6,6,6,9,4,0,10,100,Full Stack Developer
6,10,3,4,10,3,0,9,2,7,4,7,5,6,3,0,2,7,5,62,Full Stack Developer
4,5,5,4,1,6,5,4,7,9,10,7,5,8,8,6,10,4,5,100,Data Analyst
6,5,5,9,0,6,3,6,6,6,2,5,5,2,10,8,3,4,3,69,Cybersecurity Engineer
8,5,5,5,8,7,5,5,8,5,9,8,3,5,8,3,8,6,7,100,AI Engineer
7,5,7,5,4,4,6,4,1,5,10,10,3,4,8,5,3,0,7,100,Data Analyst
7,5,10,6,6,8,8,7,5,6,8,5,7,2,8,2,5,1,10,53,AI Engineer
8,4,7,1,8,5,4,4,3,10,7,7,4,7,4,2,4,10,8,94,Cybersecurity Engineer
3,6,10,10,9,6,4,6,9,6,4,6,10,8,5,8,6,2,3,89,Full Stack Developer
3,8,7,9,9,6,6,7,6,6,3,5,5,3,8,3,7,8,6,100,Full Stack Developer
8,5,2,3,2,1,4,4,7,6,3,5,3,5,6,7,6,1,4,99,AI Engineer
6,7,6,5,1,4,5,5,6,10,10,8,6,3,3,7,6,9,3,94,Cybersecurity Engineer
3,8,5,5,7,4,1,10,3,4,5,6,9,9,9,9,5,6,1,83,Full Stack Developer
5,6,6,4,7,5,7,4,2,8,3,5,6,8,10,4,4,10,4,100,Cybersecurity Engineer
7,8,1,6,5,10,4,1,9,3,10,6,10,8,5,1,2,3,5,94,Data Analyst
5,7,5,10,9,7,2,7,4,6,3,8,5,7,4,10,10,6,7,69,Full Stack Developer
5,5,1,7,5,5,1,9,0,9,5,4,3,5,5,6,6,4,7,69,Full Stack Developer
4,4,5,3,7,2,0,4,8,8,10,6,4,6,4,3,3,5,7,100,Cybersecurity Engineer
9,5,6,5,5,5,7,5,3,6,8,4,4,7,8,6,7,9,6,79,AI Engineer
9,0,6,4,1,10,1,8,5,6,8,2,5,6,4,6,7,8,4,100,Data Analyst
6,4,4,5,5,4,5,3,7,8,10,8,1,9,8,5,5,1,3,100,AI Engineer
6,4,2,3,5,3,7,2,6,8,7,2,4,6,7,4,5,6,10,71,AI Engineer
2,2,4,6,2,1,4,5,5,5,8,8,5,8,4,4,8,7,10,73,Cybersecurity Engineer
4,2,0,6,5,8,8,0,5,5,8,4,6,4,8,4,8,3,4,100,AI Engineer
4,2,4,6,6,5,6,8,3,3,7,5,6,2,5,2,6,7,8,100,Full Stack Developer
5,6,6,1,4,9,8,10,6,4,10,2,1,5,6,9,3,2,3,100,Data Analyst
4,2,5,4,5,1,10,7,8,9,9,10,3,6,3,5,7,5,8,93,AI Engineer
5,2,4,5,10,2,6,3,6,4,10,0,0,4,10,1,0,4,4,83,AI Engineer
6,8,5,9,1,4,6,3,6,6,5,6,7,3,6,9,3,4,7,91,Data Analyst
3,7,4,8,7,4,1,7,4,1,0,4,8,8,8,3,7,4,9,100,Full Stack Developer
4,6,0,9,9,4,4,6,3,10,5,7,10,7,4,3,8,9,10,100,Full Stack Developer
8,9,7,5,5,8,9,4,5,5,2,7,3,8,7,3,5,2,6,100,AI Engineer
9,5,4,7,3,5,4,5,7,3,10,3,3,6,9,10,2,8,4,87,AI Engineer
7,1,8,9,9,7,2,8,5,6,4,4,7,7,3,5,6,8,6,77,Full Stack Developer
8,9,6,8,10,5,3,9,4,5,0,6,7,9,9,6,6,7,8,100,Full Stack Developer
4,5,10,7,10,6,0,2,10,4,6,10,9,6,8,5,7,2,5,100,Data Analyst
6,5,4,10,10,2,2,10,5,0,1,8,7,5,6,10,9,9,7,92,Full Stack Developer
5,1,6,5,5,4,6,2,5,9,7,3,4,6,8,4,4,5,3,100,AI Engineer
5,4,1,6,7,10,8,5,8,4,8,4,5,8,3,5,7,3,6,76,Data Analyst
6,6,6,1,3,4,2,5,8,2,3,8,7,4,8,8,7,9,2,55,Cybersecurity Engineer
3,8,4,8,10,5,5,8,7,2,4,6,5,1,4,9,5,5,9,87,Full Stack Developer
4,4,5,4,1,7,10,4,9,5,9,5,8,9,5,8,4,5,4,97,Data Analyst
6,7,6,2,5,0,2,5,4,2,8,4,6,5,8,2,0,10,9,100,Cybersecurity Engineer
5,3,8,4,5,7,3,4,5,5,4,5,5,9,10,5,10,8,10,100,Cybersecurity Engineer
4,5,6,5,6,8,6,2,5,10,10,7,6,4,6,4,7,3,3,100,Data Analyst
1,4,4,5,2,8,10,6,8,10,5,4,6,3,9,5,7,8,4,100,Cybersecurity Engineer
7,7,6,3,3,5,5,3,7,7,9,10,5,7,4,3,2,3,4,100,AI Engineer
7,1,5,3,4,10,6,10,10,3,9,6,8,7,5,6,4,4,5,100,Data Analyst
10,5,2,10,9,6,3,8,6,4,4,10,6,8,4,4,8,8,10,91,Full Stack Developer
3,5,4,10,5,8,4,3,6,3,7,6,3,9,7,6,7,6,5,88,AI Engineer
5,7,5,7,3,6,4,7,5,5,9,8,6,5,4,8,7,2,8,97,Data Analyst
9,8,7,4,2,8,8,5,10,3,7,9,8,7,7,3,0,0,4,100,Data Analyst
10,2,3,6,9,5,0,6,3,5,10,6,4,4,5,3,5,2,7,85,Data Analyst
4,4,8,1,8,4,3,6,4,10,9,5,4,9,4,5,6,7,10,100,Cybersecurity Engineer
7,3,9,1,5,9,0,5,1,9,6,7,4,6,6,7,6,6,4,66,Cybersecurity Engineer
7,10,1,4,8,4,9,7,6,5,10,4,4,6,1,9,5,5,2,79,AI Engineer
10,4,3,5,2,7,2,3,10,6,9,5,6,4,6,7,6,7,5,100,Data Analyst
8,3,5,5,5,4,7,5,3,7,6,6,9,5,6,4,4,6,4,97,Cybersecurity Engineer
5,8,5,8,8,8,6,10,5,4,7,5,2,5,8,6,6,6,8,100,Full Stack Developer
4,0,2,4,6,7,10,8,10,8,10,7,8,5,8,8,5,5,3,76,Data Analyst
8,2,6,5,6,9,7,6,7,6,10,1,1,8,8,9,6,8,10,100,Data Analyst
8,6,3,8,4,10,9,0,8,0,10,8,5,6,10,4,3,8,8,99,AI Engineer
5,6,7,4,5,9,6,6,2,4,8,6,7,3,8,5,4,7,4,100,Full Stack Developer
5,0,4,2,3,8,4,2,6,2,8,8,8,4,9,5,4,4,9,100,Data Analyst
9,4,2,3,5,2,10,3,7,9,8,7,3,4,4,8,5,1,3,100,Data Analyst
7,7,2,3,5,7,10,7,7,6,8,6,1,8,8,7,0,3,3,100,AI Engineer
9,4,4,10,8,5,5,6,9,1,6,2,9,5,5,2,9,2,8,100,Full Stack Developer
6,3,2,4,5,8,9,2,9,1,10,5,1,5,5,7,8,7,8,100,Data Analyst
5,9,0,6,7,8,9,7,7,9,8,7,9,7,4,6,4,7,4,50,Full Stack Developer
0,3,6,2,0,6,5,8,3,5,10,9,2,6,9,9,8,9,4,76,Cybersecurity Engineer
2,9,5,6,2,9,9,4,8,3,10,5,6,7,0,6,4,6,6,100,Data Analyst
3,6,4,6,5,7,6,0,5,10,2,6,5,0,6,4,6,10,7,98,Cybersecurity Engineer
5,3,7,2,5,6,8,8,8,4,10,9,8,5,4,0,7,6,3,100,Data Analyst
6,4,7,3,7,6,0,2,5,4,4,8,8,7,1,7,7,10,5,98,Cybersecurity Engineer
3,8,3,7,3,3,7,6,7,5,8,0,5,4,10,8,6,9,10,100,Cybersecurity Engineer
8,5,4,7,5,10,5,10,10,1,10,5,7,8,6,5,7,3,0,100,Data Analyst
3,5,5,6,5,7,7,4,5,6,8,5,5,5,10,5,3,5,4,85,AI Engineer
1,10,7,4,9,6,5,6,4,7,6,7,6,6,4,4,4,2,2,90,Full Stack Developer
5,1,6,4,2,7,7,4,8,0,9,8,7,2,4,6,7,7,8,95,Data Analyst
6,2,3,7,9,8,3,7,8,6,5,5,7,4,10,7,5,7,6,83,Full Stack Developer
1,8,9,6,0,6,5,5,7,10,4,7,5,6,5,4,8,9,6,100,Cybersecurity Engineer
3,6,9,10,10,4,2,10,3,3,6,7,6,5,5,3,4,2,9,100,Full Stack Developer
6,5,1,1,1,2,4,3,8,7,7,2,5,2,7,4,3,9,3,100,Cybersecurity Engineer
8,7,5,8,5,3,5,5,2,5,6,9,8,5,5,6,6,1,5,100,AI Engineer
6,6,9,0,9,6,10,7,10,1,9,6,3,7,7,1,6,1,7,100,AI Engineer
6,2,7,3,3,10,0,6,9,4,8,6,3,9,5,6,5,2,6,100,Data Analyst
5,6,3,10,10,5,4,7,4,7,3,6,5,7,6,9,4,7,10,84,Full Stack Developer
4,0,10,1,5,6,1,5,6,6,10,5,8,2,3,1,3,6,3,100,AI Engineer
3,2,2,6,2,9,10,3,6,7,10,0,9,7,5,4,6,5,4,91,Data Analyst
4,4,5,10,10,3,4,8,6,1,8,9,5,10,1,4,6,8,6,100,Full Stack Developer
0,5,4,7,4,7,4,5,4,9,9,7,3,9,6,5,9,10,4,100,Cybersecurity Engineer
5,2,4,6,4,5,1,5,6,4,8,3,7,7,10,5,6,10,6,61,Cybersecurity Engineer
6,2,6,4,0,6,8,1,4,3,10,6,2,6,4,7,4,2,8,69,AI Engineer
10,7,4,8,2,5,7,2,8,1,5,5,4,4,8,9,7,3,8,75,Data Analyst
10,2,2,7,5,4,7,4,3,5,8,0,5,3,10,5,3,4,3,91,AI Engineer
3,7,5,5,4,6,2,9,3,9,8,7,7,4,7,4,4,8,3,100,Data Analyst
9,0,5,8,2,8,3,5,4,5,1,6,5,10,7,6,8,6,6,59,Cybersecurity Engineer
6,5,2,6,2,5,7,3,4,3,8,5,4,9,7,8,3,5,3,50,AI Engineer
4,6,7,4,3,5,10,9,5,0,10,5,6,6,4,5,8,4,5,63,AI Engineer
10,7,6,8,10,6,5,10,3,3,5,5,9,4,10,3,4,4,6,91,Full Stack Developer
8,7,7,4,3,7,6,6,6,7,6,9,6,7,3,1,6,6,10,84,Cybersecurity Engineer
10,0,5,5,1,8,9,3,8,10,10,8,3,2,7,5,6,3,7,100,AI Engineer
2,0,6,2,4,10,6,4,10,7,10,10,0,6,8,6,5,1,4,100,Data Analyst
8,0,6,2,9,3,10,7,4,6,10,8,6,7,7,4,5,5,7,100,AI Engineer
2,5,5,8,7,6,0,10,3,2,1,6,6,9,4,10,7,7,7,86,Full Stack Developer
4,5,2,4,4,4,3,4,4,3,8,8,4,4,7,9,9,5,8,81,Cybersecurity Engineer
7,2,6,3,5,6,7,1,8,7,9,7,5,8,8,6,9,5,6,93,AI Engineer
10,0,6,8,7,5,3,6,10,8,10,1,6,5,7,1,5,2,0,100,Data Analyst
8,2,3,6,9,7,3,7,2,3,10,6,5,2,3,7,6,5,4,100,Data Analyst
10,4,5,4,6,10,8,5,7,5,10,8,5,8,8,6,4,8,6,100,Data Analyst
10,7,4,9,8,10,2,6,3,4,4,7,5,10,6,8,10,3,7,100,Full Stack Developer
6,8,2,3,6,7,4,5,4,10,5,9,5,7,7,5,5,10,3,82,Cybersecurity Engineer
10,6,2,8,4,4,5,0,8,6,9,7,5,4,7,8,6,6,6,79,AI Engineer
10,4,3,6,5,10,6,1,9,6,9,7,5,4,9,6,3,3,5,100,Data Analyst
4,6,8,5,4,7,10,2,4,2,7,3,8,0,6,6,6,7,4,86,Data Analyst
4,4,10,3,2,3,5,7,4,10,7,3,7,7,7,7,7,10,10,100,Cybersecurity Engineer
7,7,7,4,0,6,6,5,6,4,10,7,7,5,9,7,7,6,6,90,AI Engineer
10,1,4,6,0,10,5,4,8,0,10,6,4,3,5,2,5,8,7,97,Data Analyst
8,4,6,2,2,9,6,3,6,5,10,6,6,7,4,4,5,4,5,100,Data Analyst
9,4,3,5,3,8,10,6,5,7,9,7,5,2,7,6,9,8,6,94,Cybersecurity Engineer
6,4,10,3,7,2,3,5,7,8,5,7,6,3,9,6,6,10,3,70,Cybersecurity Engineer
5,6,4,4,9,6,7,3,9,3,9,9,7,3,3,8,4,7,0,100,AI Engineer
9,5,3,5,4,5,6,2,7,3,8,10,5,6,7,7,4,8,0,100,Data Analyst
10,6,7,7,8,7,6,5,2,6,5,9,3,5,5,2,3,8,4,100,Data Analyst
6,3,4,10,10,4,6,8,0,4,5,5,0,8,7,5,6,7,4,100,Full Stack Developer
3,8,8,3,5,2,9,6,5,6,8,7,2,5,6,6,6,4,8,97,AI Engineer
0,4,8,7,3,8,8,4,3,6,4,7,10,2,6,7,5,10,6,41,Cybersecurity Engineer
1,6,8,1,4,10,6,7,8,3,10,7,3,8,6,6,8,8,5,100,Data Analyst
9,8,6,1,5,6,4,5,7,3,8,4,8,5,8,7,8,1,6,72,Data Analyst
2,5,4,8,7,3,0,7,5,5,1,4,9,8,7,1,6,6,7,100,Full Stack Developer
4,4,3,4,3,5,7,5,9,5,10,7,8,10,7,3,5,3,6,100,AI Engineer
5,8,6,6,5,7,2,1,5,6,6,9,3,4,7,8,4,5,5,95,Data Analyst
5,7,8,6,3,5,5,5,3,5,6,9,5,9,10,8,8,5,4,78,AI Engineer
5,4,6,5,3,5,4,7,6,6,10,6,6,2,8,3,4,3,8,100,Data Analyst
8,7,1,8,9,7,5,10,4,3,10,9,6,4,9,5,6,7,9,99,Data Analyst
3,6,3,7,3,8,5,5,5,7,7,7,6,2,8,4,7,6,1,100,Data Analyst
6,3,7,6,8,5,8,6,6,4,10,8,4,2,8,4,1,5,7,72,Data Analyst
2,6,3,7,8,7,6,6,5,5,4,8,9,6,5,6,3,4,5,84,Data Analyst
8,3,1,9,9,9,5,10,8,4,1,7,4,10,8,3,6,4,3,91,Full Stack Developer
9,6,6,8,10,4,2,9,3,4,5,5,6,7,3,3,5,3,10,100,Full Stack Developer
4,7,7,4,5,7,3,1,7,3,10,5,10,9,5,6,2,3,6,100,Data Analyst
5,1,8,8,6,10,6,1,9,4,10,9,4,7,8,8,8,2,3,100,Data Analyst
8,4,6,8,4,2,4,3,3,9,7,9,5,4,8,4,8,10,4,100,Cybersecurity Engineer
3,6,5,3,5,4,8,2,10,8,9,7,8,4,4,6,6,6,8,100,Data Analyst
9,5,1,0,7,6,6,7,8,4,10,3,6,7,9,10,2,7,6,88,Data Analyst
7,2,4,6,2,6,4,4,8,5,8,6,6,3,8,8,5,10,7,100,Data Analyst
7,6,3,3,6,9,4,4,10,3,9,7,4,7,9,4,8,5,8,100,Data Analyst
8,3,2,0,2,9,3,5,7,5,7,9,7,6,5,5,5,6,5,100,Data Analyst
3,3,3,7,4,8,6,7,6,5,5,4,6,5,4,9,3,8,5,61,Full Stack Developer
5,3,9,9,9,6,1,8,4,4,3,7,6,10,1,8,6,6,7,100,Full Stack Developer
9,10,7,6,10,4,3,9,6,4,3,8,5,10,3,5,2,3,6,100,Full Stack Developer
5,7,7,6,4,6,2,6,8,3,8,4,5,2,6,3,8,8,10,81,Cybersecurity Engineer
8,3,4,4,8,7,3,8,10,3,0,8,5,6,8,5,2,1,10,100,Data Analyst
10,4,6,8,7,6,9,6,8,6,7,3,5,4,2,6,4,2,5,80,Data Analyst
3,4,6,6,10,7,3,8,3,6,4,5,6,9,8,5,6,4,10,100,Full Stack Developer
8,6,8,8,5,10,6,3,6,5,7,8,3,7,7,2,4,5,5,73,Cybersecurity Engineer
3,5,4,7,10,6,5,10,4,3,1,9,4,8,8,3,4,8,8,100,Full Stack Developer
6,2,7,10,8,8,5,7,4,4,5,6,4,9,6,6,5,7,7,100,Full Stack Developer
6,3,6,3,0,3,6,3,5,8,2,8,3,5,9,9,3,10,6,100,Cybersecurity Engineer
3,5,4,10,8,8,3,10,4,4,8,5,6,6,6,4,6,4,8,100,Full Stack Developer
5,3,3,9,5,4,5,2,7,5,5,8,7,5,4,7,8,10,7,100,Cybersecurity Engineer
3,6,2,10,7,6,8,8,6,3,3,6,8,6,3,7,8,2,8,72,Full Stack Developer
5,2,6,2,7,7,1,6,9,9,8,7,7,6,5,8,8,5,3,100,Cybersecurity Engineer
10,4,9,8,5,4,7,3,4,3,10,8,6,4,10,5,5,2,4,100,AI Engineer
10,6,3,9,10,8,7,2,8,4,5,8,5,3,3,5,2,5,2,100,Data Analyst
9,3,10,3,7,6,7,4,7,4,10,5,5,7,5,5,10,6,5,100,AI Engineer
9,3,8,7,5,5,2,5,4,3,4,7,1,4,8,3,8,5,6,78,AI Engineer
6,6,6,5,10,6,3,10,5,9,6,4,6,5,8,6,7,2,9,90,Full Stack Developer
2,5,1,10,6,8,4,9,6,2,1,7,2,9,7,8,4,6,5,92,Full Stack Developer
7,2,1,2,6,10,5,5,9,3,5,5,7,6,3,4,4,8,7,32,Data Analyst
2,7,8,5,3,4,4,6,0,10,0,9,8,8,4,7,10,8,6,59,Cybersecurity Engineer
6,8,2,4,4,6,5,6,10,2,8,8,8,8,7,10,8,4,4,65,Data Analyst
6,5,6,9,5,7,8,8,0,2,8,4,7,10,5,5,2,7,6,100,Full Stack Developer
4,5,9,9,9,10,8,1,8,3,10,2,4,4,10,2,8,7,5,100,Data Analyst
6,6,9,5,3,9,7,6,7,5,8,5,6,4,7,7,7,9,1,100,Cybersecurity Engineer
8,6,5,4,5,7,4,6,4,8,5,6,5,4,6,4,10,10,9,100,Cybersecurity Engineer
10,4,3,5,5,8,5,3,10,7,8,5,6,6,7,7,4,9,10,100,Data Analyst
2,5,3,6,5,7,10,1,4,0,10,7,4,6,7,2,6,4,6,100,AI Engineer
8,3,4,7,2,3,6,5,7,6,7,3,5,6,3,5,5,5,7,100,AI Engineer
3,7,0,7,7,4,6,6,0,5,5,7,7,8,4,9,4,5,10,100,Full Stack Developer
3,4,4,5,2,10,6,9,4,5,10,7,6,7,3,6,4,2,6,100,Data Analyst
8,5,10,2,5,2,3,0,5,9,5,3,10,4,6,8,5,8,8,100,Cybersecurity Engineer
4,5,4,7,10,5,3,8,7,6,3,10,6,5,4,9,10,7,5,84,Full Stack Developer
6,4,1,3,6,2,9,4,7,4,10,5,4,6,8,5,5,3,4,90,AI Engineer
8,6,4,4,8,5,1,3,6,4,10,6,0,10,9,5,3,8,9,88,Cybersecurity Engineer
3,5,5,2,4,4,4,5,0,9,0,7,7,5,4,7,2,8,9,97,Cybersecurity Engineer
6,2,5,2,10,10,4,3,6,8,3,8,6,4,7,8,6,8,6,100,Cybersecurity Engineer
10,4,3,4,1,4,7,7,6,4,10,6,5,3,7,3,0,4,8,100,AI Engineer
10,5,6,2,8,3,9,5,6,4,10,4,6,10,9,5,7,4,5,82,AI Engineer
3,3,7,8,9,6,7,7,5,6,2,2,5,6,5,7,10,4,7,100,Full Stack Developer
5,4,5,7,5,7,4,6,7,2,8,6,5,1,8,8,8,5,9,100,Data Analyst
1,3,7,5,10,6,5,8,5,3,2,4,7,4,3,3,2,2,9,93,Full Stack Developer
5,4,8,7,7,8,8,5,6,4,6,6,4,6,7,6,6,5,9,87,AI Engineer
8,1,7,7,7,6,5,3,9,8,10,6,4,5,3,5,5,3,2,100,AI Engineer
3,0,7,5,2,7,3,5,8,4,6,2,4,10,7,6,4,9,10,54,Data Analyst
10,5,4,1,0,6,7,4,6,3,10,6,3,7,7,6,5,5,6,99,AI Engineer
4,3,0,4,3,10,7,6,5,6,10,5,3,4,5,4,5,4,7,100,Data Analyst
4,2,6,3,3,8,8,6,3,8,7,1,4,3,7,6,5,9,7,80,Cybersecurity Engineer
7,4,9,1,8,4,10,4,3,4,10,8,4,10,8,7,6,4,5,100,AI Engineer
9,6,5,2,10,9,5,10,7,9,7,7,9,3,10,2,4,9,10,100,Cybersecurity Engineer
4,4,5,4,4,2,9,7,7,5,10,7,6,6,3,4,10,0,4,100,AI Engineer
6,6,4,0,1,1,7,7,4,5,4,3,4,10,6,10,1,8,4,75,Cybersecurity Engineer
9,4,5,2,5,5,8,6,9,0,10,6,6,4,8,7,2,5,9,86,AI Engineer
5,5,4,6,2,6,10,2,7,5,8,7,6,5,6,6,6,5,8,65,AI Engineer
8,9,4,10,9,6,10,6,6,3,7,7,3,4,7,6,9,6,10,100,Full Stack Developer
5,6,1,7,4,6,7,4,10,8,7,5,3,3,7,3,6,6,4,95,Data Analyst
7,5,5,5,4,2,3,4,8,5,7,7,5,4,6,7,5,7,5,97,Cybersecurity Engineer
3,7,7,5,10,3,3,10,7,6,5,8,9,1,8,10,6,3,4,100,Full Stack Developer
7,4,5,7,3,7,4,4,10,5,7,5,8,7,8,9,9,4,5,70,Data Analyst
10,6,5,4,6,10,8,4,10,5,10,9,5,3,7,3,2,4,7,92,Data Analyst
5,6,2,9,4,6,4,3,6,8,7,5,10,7,4,7,4,3,5,91,Data Analyst
4,6,5,3,3,7,6,4,3,8,7,9,5,4,6,6,7,9,6,53,Cybersecurity Engineer
6,8,4,4,7,8,4,2,2,9,6,10,4,7,7,6,6,8,9,100,Cybersecurity Engineer
4,2,8,2,4,1,0,2,8,7,5,3,5,5,9,0,1,10,6,92,Cybersecurity Engineer
6,1,6,8,6,8,9,4,8,5,8,5,2,10,6,2,7,3,7,99,Data Analyst
5,0,6,6,7,5,7,2,8,6,5,10,6,8,4,2,3,6,9,96,AI Engineer
5,0,4,9,10,6,8,6,6,4,6,8,7,10,3,9,8,5,10,93,Full Stack Developer
8,2,7,6,7,5,5,4,9,0,5,7,4,9,4,7,6,0,4,100,Full Stack Developer
7,6,3,8,9,7,3,10,0,3,3,5,9,3,10,6,6,0,7,100,Full Stack Developer
8,8,2,7,8,8,6,8,5,1,4,10,9,7,6,4,5,5,8,100,Full Stack Developer
10,4,4,6,3,5,5,3,7,10,7,6,7,2,3,6,10,10,8,100,Cybersecurity Engineer
10,4,7,4,3,4,10,2,10,2,10,4,6,9,10,5,5,5,3,87,AI Engineer
5,2,0,5,9,2,4,7,8,6,8,6,6,5,3,7,3,7,6,99,Full Stack Developer
10,3,6,6,3,8,6,2,5,0,8,3,6,4,8,9,6,5,5,67,AI Engineer
7,5,4,4,3,5,3,4,2,8,4,7,0,5,7,7,7,10,5,100,Cybersecurity Engineer
10,5,6,4,3,7,8,1,8,5,8,7,3,0,7,5,4,10,8,92,AI Engineer
8,0,6,7,8,6,9,2,8,6,5,4,3,4,6,5,6,2,7,100,Full Stack Developer
6,5,6,5,4,4,10,8,8,8,8,2,5,5,10,3,10,4,4,99,AI Engineer
9,5,5,4,9,5,6,1,3,4,8,5,5,3,8,6,7,4,6,100,Data Analyst
5,7,8,8,9,3,5,9,5,0,6,2,5,7,6,8,4,2,5,100,Full Stack Developer
8,5,2,10,10,7,3,9,1,0,1,2,3,7,5,6,2,6,6,96,Full Stack Developer
4,4,5,6,1,10,6,6,5,5,8,6,4,4,4,2,3,4,9,61,Data Analyst
1,6,4,9,10,9,4,10,0,7,6,7,5,7,7,0,6,3,9,100,Full Stack Developer
4,5,7,3,2,8,3,4,6,8,4,6,5,5,6,6,10,10,8,100,Cybersecurity Engineer
10,9,4,10,5,3,5,7,4,7,8,4,7,4,6,8,10,6,5,92,AI Engineer
2,4,2,2,1,0,2,3,4,7,7,10,4,8,10,5,2,10,10,49,Cybersecurity Engineer
4,9,5,9,8,9,7,1,5,3,6,2,8,4,6,5,4,4,7,100,Full Stack Developer
7,6,7,5,3,6,8,4,1,6,10,4,3,6,8,8,2,8,7,100,AI Engineer
6,5,0,5,5,6,8,5,8,4,10,9,5,4,6,2,2,6,5,100,Data Analyst
5,4,1,4,5,8,4,5,8,3,10,7,6,6,6,4,4,7,6,100,Data Analyst
4,5,5,4,8,7,10,4,5,6,4,8,2,4,4,4,3,5,6,63,Cybersecurity Engineer
7,9,6,0,8,6,2,4,7,2,7,6,3,2,9,4,1,3,7,100,Data Analyst
6,4,5,4,10,4,8,0,7,7,9,1,5,5,8,9,4,3,2,100,AI Engineer
4,4,1,10,8,6,4,5,5,4,7,10,9,3,3,7,5,5,3,100,Full Stack Developer
9,4,2,2,4,5,7,1,7,5,9,5,6,5,5,8,5,5,2,74,AI Engineer
8,3,5,4,1,6,7,2,5,6,7,1,4,8,4,6,9,10,8,100,Cybersecurity Engineer
6,4,6,3,1,4,5,5,6,5,6,6,6,7,6,7,10,5,9,100,Data Analyst
9,5,8,5,5,0,6,4,5,1,7,7,3,5,10,6,5,0,4,100,AI Engineer
6,3,8,2,3,4,4,3,7,3,8,9,4,5,2,4,5,4,6,100,Data Analyst
5,7,6,7,9,9,4,7,5,4,6,7,6,8,9,5,4,6,9,100,Full Stack Developer
5,5,8,9,5,3,6,4,2,10,8,9,6,1,10,2,3,7,7,97,Cybersecurity Engineer
5,2,3,4,5,6,6,3,8,5,10,8,0,4,4,9,2,0,9,90,Data Analyst
4,6,5,6,5,6,6,6,3,10,5,9,4,4,8,9,7,6,9,88,Cybersecurity Engineer
8,7,7,8,8,6,6,6,2,4,3,7,4,4,7,0,5,7,9,100,Full Stack Developer
10,3,5,2,4,4,4,6,3,9,3,7,6,8,8,3,6,7,7,100,Cybersecurity Engineer
1,4,2,3,4,6,6,5,6,10,7,3,3,5,10,2,7,7,7,100,Cybersecurity Engineer
9,4,8,9,10,7,6,5,6,6,1,5,4,4,8,2,3,10,7,100,Full Stack Developer
6,3,0,3,1,10,8,3,8,2,10,2,6,7,6,6,8,3,5,61,Data Analyst
8,0,3,7,4,5,6,0,5,10,10,10,8,8,10,7,4,6,7,90,AI Engineer
6,5,2,4,3,8,5,3,5,8,5,2,2,6,7,4,6,9,3,86,Cybersecurity Engineer
7,3,2,10,5,8,2,5,5,1,6,7,10,7,9,4,7,5,10,100,Full Stack Developer
8,6,3,6,10,10,4,10,6,4,6,8,2,7,9,5,7,4,7,99,Full Stack Developer
6,6,2,8,7,10,2,10,3,2,1,5,4,7,5,8,3,8,6,100,Full Stack Developer
4,3,9,4,5,9,9,4,7,10,8,7,8,7,10,6,3,8,3,89,AI Engineer
7,2,6,3,4,4,10,7,8,4,10,6,7,4,4,1,9,6,6,100,AI Engineer
8,2,7,10,10,7,3,7,6,4,8,2,7,3,7,6,5,6,4,100,Full Stack Developer
5,3,2,2,4,3,4,4,9,6,7,7,3,2,6,5,3,7,7,100,Data Analyst
8,6,1,7,10,0,3,2,5,2,2,6,3,8,7,5,9,4,7,91,Full Stack Developer
7,4,8,2,5,5,8,2,9,6,10,9,4,7,6,6,3,5,4,89,Data Analyst
9,5,6,10,7,6,6,6,2,6,4,4,4,6,6,8,5,7,5,100,Full Stack Developer
10,4,7,4,4,5,8,7,5,3,10,8,4,2,6,7,9,1,4,88,AI Engineer
3,7,4,10,10,7,7,10,6,1,6,7,3,9,1,2,0,6,4,96,Full Stack Developer
6,10,4,2,3,7,0,7,9,10,3,9,6,5,3,4,6,10,7,100,Cybersecurity Engineer
9,5,3,7,3,5,10,7,7,7,8,2,9,10,10,3,2,2,1,100,AI Engineer
10,5,5,6,3,6,8,3,10,1,6,9,7,3,10,9,5,10,1,100,AI Engineer
4,2,6,9,10,4,3,9,7,1,4,3,7,8,6,4,6,10,10,100,Full Stack Developer
1,7,3,10,10,4,8,7,1,2,6,8,5,3,1,3,3,6,10,100,Full Stack Developer
9,7,2,5,4,7,4,10,8,6,10,6,2,8,6,1,4,6,7,65,Data Analyst
2,6,3,8,6,9,5,4,2,7,7,4,6,5,6,6,5,9,8,100,Cybersecurity Engineer
5,6,2,4,3,7,6,1,8,6,10,5,3,3,4,4,4,3,7,100,Data Analyst
4,6,5,7,10,7,6,9,0,1,1,3,9,8,8,6,6,2,5,100,Full Stack Developer
7,1,5,5,4,7,4,2,6,2,5,5,6,8,5,6,6,8,4,64,AI Engineer
5,1,7,4,0,0,3,7,9,4,3,4,5,5,9,3,8,10,6,79,Cybersecurity Engineer
0,6,8,1,2,4,3,3,2,7,3,4,5,7,7,5,9,10,9,88,Cybersecurity Engineer
7,10,4,6,2,8,5,2,8,6,9,8,1,6,8,4,4,8,7,100,Cybersecurity Engineer
4,9,6,10,6,10,3,6,6,4,3,10,8,7,10,7,5,10,9,100,Full Stack Developer
7,10,7,4,1,6,3,4,4,7,0,7,7,4,8,4,1,7,0,100,Cybersecurity Engineer
5,9,2,2,6,9,6,5,8,3,10,4,8,1,9,0,2,10,5,86,Data Analyst
8,4,5,4,7,7,7,9,3,4,10,4,6,5,7,6,4,3,10,85,AI Engineer
7,3,4,6,6,8,5,4,9,0,10,10,4,9,6,3,6,9,5,73,Data Analyst
6,5,5,6,5,10,2,10,3,3,6,0,10,6,5,3,6,7,4,80,Full Stack Developer
5,5,6,2,5,6,5,4,10,1,10,4,5,6,8,6,10,4,7,100,AI Engineer
5,6,5,9,3,6,8,6,5,3,9,6,7,8,5,2,7,6,8,100,Data Analyst
8,3,7,4,9,5,3,3,5,10,10,4,7,3,6,2,6,7,4,100,Cybersecurity Engineer
7,4,2,6,7,6,5,5,5,4,9,3,8,4,5,8,3,4,6,70,Data Analyst
6,5,7,6,8,3,4,6,2,5,7,4,7,4,9,8,10,8,5,100,Cybersecurity Engineer
6,0,4,10,10,3,7,7,6,9,7,3,4,10,4,6,7,8,8,93,Full Stack Developer
6,7,6,3,4,6,4,0,3,7,5,6,7,5,9,8,4,6,6,100,Cybersecurity Engineer
10,7,5,1,2,5,6,4,6,5,9,8,6,0,3,6,2,6,8,100,AI Engineer
10,4,5,3,6,6,6,7,5,10,8,5,6,3,6,6,4,9,3,100,Cybersecurity Engineer
2,6,2,2,6,7,3,4,5,2,8,5,4,6,7,3,4,3,3,100,Data Analyst
1,3,5,0,5,8,2,9,3,9,4,9,7,7,5,4,6,10,3,100,Cybersecurity Engineer
5,2,6,0,6,3,4,6,5,2,5,2,7,5,4,2,8,9,5,100,Cybersecurity Engineer
5,3,6,2,5,10,6,5,8,1,10,6,9,5,10,6,3,4,8,100,Data Analyst
4,0,8,1,3,5,7,7,8,9,5,3,6,7,4,7,5,8,6,96,Cybersecurity Engineer
4,6,6,4,4,7,5,4,2,9,6,7,2,5,2,7,7,10,6,100,Cybersecurity Engineer
8,7,4,7,3,10,7,6,4,5,10,7,4,1,3,4,10,0,5,83,Data Analyst
5,6,9,7,10,8,1,9,1,6,6,5,5,8,3,6,2,5,10,100,Full Stack Developer
5,7,4,9,7,4,7,6,6,4,7,6,10,6,7,9,5,7,6,100,Full Stack Developer
9,4,8,1,1,7,8,3,6,6,10,7,7,4,10,3,10,6,3,100,AI Engineer
9,6,9,1,2,10,0,8,7,6,7,10,6,7,7,5,2,6,10,87,Cybersecurity Engineer
8,4,6,10,9,3,4,7,3,7,4,5,9,9,5,3,2,6,9,46,Full Stack Developer
7,2,2,6,1,6,4,5,9,9,10,6,2,6,6,1,1,1,2,100,Data Analyst
2,7,7,5,5,2,3,4,9,9,6,6,6,5,6,0,4,10,7,100,Cybersecurity Engineer
7,0,7,8,6,10,5,6,7,1,7,6,6,7,3,5,7,5,7,100,Data Analyst
2,6,6,4,6,9,6,4,6,2,8,5,8,5,6,7,5,9,8,84,AI Engineer
2,6,6,4,4,5,7,6,10,0,10,2,6,3,8,7,5,4,6,100,Data Analyst
8,1,8,4,0,9,3,9,6,6,2,7,7,5,8,5,5,8,7,93,Cybersecurity Engineer
7,3,0,9,8,9,0,6,4,5,3,10,6,5,8,6,8,4,5,69,Cybersecurity Engineer
5,4,7,8,4,7,8,0,7,3,10,6,1,1,8,0,5,5,4,100,AI Engineer
8,4,1,3,4,7,7,4,8,6,10,2,0,6,4,4,4,9,6,100,AI Engineer
8,5,8,10,10,3,4,10,9,5,4,4,4,6,6,2,8,9,8,100,Full Stack Developer
6,6,5,10,10,0,2,10,5,5,5,3,4,6,6,10,4,10,5,100,Full Stack Developer
4,6,3,9,4,6,5,2,5,1,10,9,7,5,8,0,8,1,3,100,AI Engineer
6,4,10,10,7,4,6,9,4,5,4,6,5,8,4,8,4,2,5,89,Full Stack Developer
5,3,5,2,3,8,6,6,5,6,10,2,3,5,6,5,4,5,7,100,AI Engineer
10,3,7,8,7,0,8,4,5,5,4,9,9,4,7,3,7,8,5,89,Data Analyst
10,6,7,5,5,9,6,1,7,6,7,3,3,7,7,5,3,4,5,99,Data Analyst
7,9,9,4,7,0,6,4,6,2,3,7,7,8,3,4,0,3,8,78,AI Engineer
7,6,6,5,2,5,1,5,6,3,5,9,5,7,3,3,6,10,6,100,Cybersecurity Engineer
6,0,4,8,10,4,3,7,4,5,0,9,6,9,0,1,6,6,5,100,Full Stack Developer
6,3,3,3,5,9,8,3,10,5,9,10,4,8,5,7,5,8,10,56,AI Engineer
2,7,5,4,4,4,1,10,7,2,4,2,10,8,9,3,9,6,7,100,AI Engineer
8,4,2,2,2,6,6,3,5,6,6,8,7,6,6,5,4,8,4,100,Cybersecurity Engineer
2,5,3,6,6,4,6,4,8,9,5,4,6,10,4,5,4,3,8,83,Full Stack Developer
9,7,2,7,5,3,7,10,9,3,9,5,7,4,9,7,7,8,9,100,Data Analyst
6,5,4,5,8,6,3,6,7,4,10,6,8,6,4,6,9,5,7,100,Full Stack Developer
6,0,7,6,8,2,4,4,3,10,0,6,2,7,5,9,8,6,8,90,Cybersecurity Engineer
9,0,3,0,5,3,4,5,7,5,7,10,6,6,8,3,7,3,5,100,AI Engineer
7,0,5,6,6,5,7,6,7,6,10,6,2,8,5,7,1,4,6,100,AI Engineer
8,2,7,6,4,9,7,5,8,2,6,8,8,0,5,3,7,7,3,69,Data Analyst
8,5,0,6,3,5,10,5,8,7,9,5,4,10,3,3,3,6,5,100,Data Analyst
7,7,3,0,5,5,8,8,3,5,10,3,6,3,8,7,5,3,5,73,AI Engineer
10,2,6,6,9,10,4,6,3,1,10,6,6,3,8,6,8,4,7,100,AI Engineer
6,4,3,5,5,7,7,4,4,4,10,10,5,4,8,10,7,6,8,100,AI Engineer
6,4,10,5,10,6,6,10,6,1,3,3,6,9,6,7,1,3,5,63,Full Stack Developer
6,8,7,5,5,8,4,6,6,3,8,6,10,6,10,8,6,3,2,80,AI Engineer
5,3,9,6,5,5,7,7,8,2,10,6,5,7,10,3,4,5,7,100,AI Engineer
6,6,5,0,3,8,8,3,2,2,6,5,3,3,6,5,10,0,7,100,AI Engineer
7,8,8,5,3,10,6,5,8,2,10,6,6,4,5,4,7,5,7,98,Data Analyst
7,2,6,5,7,6,6,3,4,4,4,10,2,4,5,7,4,9,7,83,Cybersecurity Engineer
4,0,6,6,6,6,3,2,7,4,6,6,4,8,4,2,10,9,8,100,Cybersecurity Engineer
8,2,7,8,4,3,9,3,6,6,5,8,5,3,7,5,0,7,5,89,AI Engineer
4,4,6,0,7,6,1,9,6,9,4,9,2,6,6,8,6,7,9,100,Cybersecurity Engineer
6,6,5,1,7,4,5,8,8,6,4,9,7,0,7,5,8,10,6,100,Cybersecurity Engineer
6,5,5,4,4,4,2,2,3,4,10,4,7,8,2,6,4,0,2,100,AI Engineer
9,7,0,3,8,9,7,0,3,8,8,6,4,9,6,0,7,4,5,100,Data Analyst
10,9,7,6,6,9,7,1,10,6,10,10,1,3,6,6,8,5,9,100,Data Analyst
6,3,2,4,5,10,4,0,8,5,6,4,9,8,1,4,9,3,5,73,AI Engineer
2,3,6,3,2,3,6,5,2,8,8,7,8,4,8,4,0,8,4,83,Cybersecurity Engineer
5,3,6,6,6,7,3,7,8,2,5,8,10,8,8,5,6,10,6,100,Cybersecurity Engineer
10,4,3,5,10,3,7,3,6,1,9,8,5,2,7,3,6,7,5,95,AI Engineer
6,5,2,3,7,4,10,4,6,6,5,5,3,7,7,6,5,10,6,83,Cybersecurity Engineer
4,4,4,4,7,3,8,6,1,8,8,6,9,8,5,6,4,6,6,100,Cybersecurity Engineer
6,7,9,1,2,7,5,7,9,4,5,5,10,5,5,8,3,5,6,69,Data Analyst
3,3,8,3,3,7,6,8,5,6,4,9,2,5,8,4,8,5,4,98,Cybersecurity Engineer
5,8,6,6,8,7,4,5,6,7,5,10,3,0,5,3,4,6,6,97,Cybersecurity Engineer
5,0,5,9,7,7,6,1,1,7,10,5,4,7,10,5,7,9,3,100,Data Analyst
3,4,4,0,0,4,6,2,6,5,8,5,5,10,5,9,2,8,4,100,Data Analyst
6,3,4,2,9,7,5,5,6,4,7,0,3,3,6,5,7,1,4,92,Data Analyst
6,5,8,6,4,5,8,5,5,2,10,7,0,4,4,6,6,3,7,100,Data Analyst
5,9,4,8,5,6,8,8,4,6,10,8,2,7,8,4,4,6,3,98,Data Analyst
5,7,10,4,8,6,10,1,4,5,10,4,1,5,8,1,2,4,6,100,AI Engineer
9,7,2,4,4,2,10,3,8,2,10,4,6,7,6,8,4,7,5,83,AI Engineer
7,4,4,1,7,5,2,7,5,10,7,9,8,8,5,3,7,7,3,96,Cybersecurity Engineer
6,5,7,10,10,8,3,7,4,6,0,9,6,7,5,7,0,6,7,62,Full Stack Developer
1,5,3,7,4,5,5,10,6,7,7,10,8,5,10,2,2,4,3,92,Cybersecurity Engineer
3,3,5,3,9,6,5,3,9,3,10,9,7,7,3,1,3,6,10,82,Data Analyst
4,5,8,5,1,6,6,8,5,3,6,8,5,0,3,5,4,6,7,100,Data Analyst
8,4,4,10,7,6,5,5,3,1,6,4,7,8,3,4,8,4,10,74,Full Stack Developer
9,6,3,3,4,9,6,1,5,5,9,7,6,7,3,2,5,1,6,100,AI Engineer
9,9,7,10,7,8,3,10,4,4,9,5,6,10,6,8,10,5,9,100,Full Stack Developer
6,10,9,7,10,7,6,8,6,0,1,7,3,4,1,6,5,7,9,93,Full Stack Developer
10,6,0,8,2,7,8,5,5,4,10,7,7,6,1,7,3,4,5,100,Data Analyst
10,2,6,1,4,6,7,3,5,8,10,5,5,5,9,5,4,3,7,100,AI Engineer
9,5,4,10,6,8,7,6,9,5,5,7,10,7,7,5,6,7,6,67,Full Stack Developer
0,4,8,10,4,7,3,7,3,2,0,4,10,5,5,6,4,3,8,100,Full Stack Developer
0,6,0,5,7,8,6,7,7,5,10,2,4,5,8,2,5,4,5,100,Data Analyst
5,5,3,9,7,5,4,6,8,1,10,6,5,5,5,6,6,7,8,100,Full Stack Developer
6,5,8,6,4,4,6,5,2,6,6,4,9,7,4,9,7,6,4,100,Cybersecurity Engineer
5,4,6,10,7,5,3,8,0,0,7,4,5,8,4,4,3,7,7,100,Full Stack Developer
6,6,6,3,8,6,6,4,7,6,8,10,3,5,5,9,5,4,5,97,Data Analyst
7,9,3,8,8,4,10,2,4,4,9,4,6,4,7,4,1,7,3,100,AI Engineer
4,5,3,3,8,6,1,3,9,5,10,5,2,4,5,6,3,8,5,72,Data Analyst
9,5,10,3,4,1,4,6,1,8,6,7,7,10,9,6,1,10,9,100,Cybersecurity Engineer
10,7,5,3,5,2,4,8,5,10,3,8,4,6,8,3,5,7,4,77,Cybersecurity Engineer
9,4,3,2,5,4,4,2,6,5,9,7,1,4,10,4,2,2,7,95,AI Engineer
8,5,4,6,5,9,0,4,9,4,2,8,8,4,4,6,5,7,10,52,Full Stack Developer
5,7,3,9,10,5,3,6,4,2,6,5,7,5,8,5,4,7,10,87,Full Stack Developer
7,2,9,6,6,2,7,1,4,8,5,7,4,9,10,5,6,10,10,79,Cybersecurity Engineer
5,10,8,4,5,9,7,8,2,4,8,7,9,5,6,7,7,6,3,99,Cybersecurity Engineer
4,4,3,3,9,3,6,6,9,10,1,6,8,9,5,5,6,10,3,98,Cybersecurity Engineer
8,2,0,5,3,9,5,6,7,2,10,5,5,4,3,9,6,8,5,100,Data Analyst
3,5,1,5,6,7,7,1,6,3,10,10,3,4,8,10,3,7,6,78,Data Analyst
1,5,1,10,6,2,7,3,5,5,7,7,6,5,6,7,8,5,6,98,Cybersecurity Engineer
8,7,4,6,5,9,4,4,2,5,2,6,10,8,3,4,6,9,4,94,Full Stack Developer
8,6,5,5,3,4,7,1,2,1,10,4,6,1,5,3,5,10,7,100,AI Engineer
4,6,3,1,3,2,4,6,5,9,3,8,3,10,3,6,6,9,2,71,Cybersecurity Engineer
7,4,9,10,9,2,2,5,4,3,5,6,4,5,9,8,8,9,3,100,Cybersecurity Engineer
7,5,7,4,7,10,8,6,6,6,6,6,8,9,9,1,10,8,2,97,Data Analyst
4,1,7,10,10,1,7,7,6,4,6,7,4,6,8,10,6,6,5,100,Full Stack Developer
6,3,8,6,6,4,9,2,5,9,6,5,4,2,3,7,9,10,5,81,Cybersecurity Engineer
10,4,2,7,7,8,3,5,9,1,10,8,1,7,9,9,1,7,5,100,Data Analyst
2,7,2,4,6,9,2,4,3,6,8,8,2,6,6,7,10,10,4,100,Cybersecurity Engineer
3,4,5,10,8,6,2,8,7,2,3,8,4,10,7,9,4,7,5,100,Full Stack Developer
10,4,5,6,8,5,7,5,7,9,8,7,1,6,7,5,5,8,7,86,Cybersecurity Engineer
5,6,1,6,6,6,3,4,6,4,4,8,7,4,6,0,6,5,6,86,Cybersecurity Engineer
8,3,5,5,4,7,6,6,4,3,9,4,6,5,2,0,4,7,8,54,AI Engineer
4,7,9,4,2,10,6,3,4,6,2,6,4,8,7,4,4,4,4,52,Cybersecurity Engineer
10,2,7,7,4,5,2,6,7,6,5,9,7,8,5,7,7,8,4,100,Cybersecurity Engineer
10,3,3,0,3,3,10,6,3,9,10,4,0,10,4,0,7,10,8,100,AI Engineer
10,0,5,5,5,6,8,7,5,8,10,10,3,5,6,6,8,3,5,54,AI Engineer
5,2,7,8,3,5,7,3,5,10,4,8,4,5,6,2,0,7,6,74,Cybersecurity Engineer
8,2,0,4,5,4,4,2,6,7,8,3,1,0,8,3,7,6,8,89,Data Analyst
5,5,2,6,10,6,7,3,2,5,3,4,3,6,5,10,2,3,2,100,Full Stack Developer
10,3,6,5,6,8,8,1,10,5,7,6,1,7,4,5,5,6,8,100,AI Engineer
6,7,2,8,2,10,5,5,7,0,10,5,5,4,5,5,7,2,8,100,Data Analyst
6,5,6,3,1,10,6,6,6,3,8,8,4,4,10,10,2,0,4,83,Data Analyst
7,5,6,4,4,3,5,4,5,6,3,10,6,3,8,7,3,9,7,100,Cybersecurity Engineer
7,5,1,2,4,5,7,7,10,7,7,6,5,4,9,6,8,4,8,91,AI Engineer
5,2,8,4,4,7,7,7,6,5,7,6,7,8,9,1,8,0,8,96,AI Engineer
8,3,4,4,5,3,1,6,1,8,9,8,5,6,4,7,7,10,5,95,Cybersecurity Engineer
5,3,6,3,5,4,6,5,6,6,5,8,3,7,7,3,2,10,1,97,Cybersecurity Engineer
5,7,1,7,6,3,4,4,4,9,3,5,3,6,8,5,8,6,6,73,Full Stack Developer
6,7,5,4,5,6,7,7,6,9,9,10,6,6,5,2,3,9,7,76,Cybersecurity Engineer
10,3,2,6,5,7,8,9,7,3,10,6,7,6,10,7,7,5,3,84,AI Engineer
0,9,1,5,7,2,5,7,1,10,3,7,9,8,10,5,8,6,9,100,Full Stack Developer
0,5,9,8,10,7,3,10,3,4,4,10,3,10,9,8,7,5,7,100,Full Stack Developer
8,7,3,6,7,9,9,6,2,3,8,7,4,4,7,4,6,1,2,100,AI Engineer
7,3,7,2,9,4,5,10,3,10,5,5,2,6,5,4,4,9,10,96,Cybersecurity Engineer
6,6,2,8,8,4,4,8,5,4,3,6,8,7,6,7,8,6,8,93,Full Stack Developer
4,4,1,6,4,10,5,1,7,2,10,6,10,3,7,6,5,1,5,60,Data Analyst
8,3,5,2,4,5,7,7,10,1,9,4,4,6,6,4,7,4,6,77,AI Engineer
5,0,1,6,1,3,5,7,5,7,6,7,5,4,9,6,5,10,8,100,Cybersecurity Engineer
4,5,3,4,7,5,3,5,7,3,9,3,5,8,8,5,6,2,6,88,Data Analyst
6,6,8,8,6,10,7,6,10,5,10,4,5,4,8,2,7,4,3,100,Data Analyst
9,4,6,7,4,5,10,6,4,5,9,6,6,0,4,3,3,4,3,75,AI Engineer
5,6,3,10,7,5,4,5,8,2,4,8,8,10,6,6,10,6,7,95,Full Stack Developer
6,8,4,9,9,6,10,6,3,2,7,3,8,5,6,10,4,0,10,69,Full Stack Developer
8,4,3,6,3,7,7,6,3,4,8,7,7,2,10,7,7,6,4,100,Data Analyst
4,6,9,5,4,10,7,3,10,4,10,5,7,4,3,5,6,4,3,100,Data Analyst
7,6,3,8,2,6,5,6,3,10,5,6,3,4,5,4,10,9,6,81,Cybersecurity Engineer
8,5,6,5,4,1,4,4,7,5,5,7,4,5,2,9,6,10,5,100,Cybersecurity Engineer
7,0,2,4,4,9,6,6,10,7,9,8,7,4,6,5,5,4,9,100,Data Analyst
5,1,8,8,9,5,0,10,3,5,3,10,10,10,10,6,2,10,7,100,Full Stack Developer
7,6,2,3,9,9,7,4,8,4,8,4,9,9,9,5,7,1,8,100,Data Analyst
4,6,8,6,7,10,3,8,10,4,10,7,5,3,4,5,5,1,7,100,Data Analyst
6,5,6,4,10,5,4,10,3,9,7,7,8,4,3,2,10,1,2,97,Full Stack Developer
10,4,3,2,5,4,6,4,6,5,7,7,7,3,10,5,2,4,6,100,AI Engineer
5,5,2,4,8,8,7,7,6,5,8,4,5,3,6,5,3,0,3,100,Data Analyst
1,0,6,7,6,2,4,3,2,5,4,10,4,4,9,5,5,4,9,100,Cybersecurity Engineer
8,5,6,9,5,1,6,5,3,3,6,5,6,4,8,3,2,8,6,91,Cybersecurity Engineer
4,7,7,0,6,8,7,5,6,6,7,3,3,7,8,5,6,3,8,87,AI Engineer
3,6,7,10,10,5,1,8,3,7,3,3,5,6,7,6,2,10,7,100,Full Stack Developer
5,6,7,9,9,6,8,6,1,2,6,10,5,6,5,4,8,7,7,92,Full Stack Developer
8,8,4,8,10,0,3,9,8,3,0,0,7,4,10,3,5,10,7,55,Full Stack Developer
9,5,4,4,3,10,9,4,4,5,9,10,3,5,7,6,4,4,7,100,AI Engineer
4,5,8,6,3,8,8,6,0,9,10,10,6,6,6,8,6,10,1,61,Cybersecurity Engineer
5,8,3,9,8,7,0,9,6,3,5,4,7,8,2,4,9,10,7,100,Full Stack Developer
2,6,8,9,3,6,8,1,7,2,7,8,0,5,7,7,4,5,6,56,Data Analyst
5,6,7,8,4,5,7,2,3,5,8,5,6,4,4,10,7,6,2,74,Cybersecurity Engineer
5,2,2,8,9,5,4,10,4,3,0,10,3,6,7,5,9,7,7,100,Full Stack Developer
4,4,5,10,5,5,7,9,6,3,5,5,8,3,3,3,6,3,10,100,Data Analyst
7,7,2,6,5,7,2,7,6,3,8,5,6,7,6,3,5,9,10,97,Cybersecurity Engineer
5,4,6,7,6,6,2,5,7,7,4,8,6,4,7,6,8,7,9,86,Cybersecurity Engineer
6,7,7,7,3,4,6,9,2,10,9,8,4,6,4,9,8,5,4,94,Cybersecurity Engineer
5,8,3,7,4,6,6,4,3,6,10,7,5,9,7,6,10,8,3,94,Data Analyst
6,4,5,5,5,8,9,5,6,0,10,7,9,3,4,4,5,7,5,100,AI Engineer
4,7,7,0,7,6,7,4,9,5,10,8,6,4,7,5,5,4,2,100,Data Analyst
5,3,7,3,3,6,3,6,8,1,9,7,6,8,7,7,5,8,8,100,Data Analyst
7,5,6,9,8,7,3,8,4,4,7,6,6,2,6,6,7,2,9,100,Full Stack Developer
8,3,2,1,4,7,5,3,10,6,7,5,7,4,7,6,4,7,6,62,Data Analyst
2,7,8,10,10,4,8,8,1,6,7,10,10,10,6,7,3,5,10,57,Full Stack Developer
5,5,8,8,4,4,7,5,4,3,8,3,8,6,6,3,3,8,6,100,AI Engineer
1,5,5,10,8,9,5,9,5,8,0,5,6,5,8,8,5,5,10,100,Full Stack Developer
8,5,4,3,5,9,5,6,6,7,10,6,6,4,6,5,2,3,7,92,AI Engineer
5,2,5,4,7,2,5,4,3,9,6,9,5,0,4,4,0,6,9,72,Cybersecurity Engineer
10,8,7,10,10,8,5,6,6,4,6,6,7,1,8,7,10,4,4,96,Full Stack Developer
7,5,0,10,5,8,0,8,4,6,0,8,8,8,8,7,5,4,8,100,Full Stack Developer
8,5,4,5,5,10,4,5,7,10,9,9,10,5,2,8,5,3,10,73,Data Analyst
1,0,3,5,7,3,6,5,3,5,4,5,3,5,4,6,6,10,8,100,Cybersecurity Engineer
9,1,7,7,6,6,2,9,7,4,10,7,8,1,7,7,5,10,7,34,Full Stack Developer
8,8,3,5,3,7,6,6,9,10,10,6,5,3,9,4,7,9,4,100,AI Engineer
3,3,7,2,5,1,9,2,3,4,4,8,5,3,7,7,8,10,6,74,Cybersecurity Engineer
10,7,8,4,7,1,9,2,4,2,7,4,5,4,7,3,4,1,5,87,AI Engineer
5,4,5,10,8,7,4,6,4,2,6,7,3,7,4,8,3,10,7,100,Full Stack Developer
7,7,5,4,0,10,5,4,8,7,10,4,5,4,5,7,3,1,7,95,Data Analyst
3,3,4,3,10,4,3,10,4,3,6,9,3,8,4,9,6,3,10,100,Full Stack Developer
5,5,7,7,4,3,4,3,4,10,9,8,4,8,6,6,6,9,2,62,Cybersecurity Engineer
6,7,5,4,7,10,6,0,5,10,7,5,5,4,7,6,5,7,4,74,Cybersecurity Engineer
3,7,10,8,9,3,5,6,6,6,2,7,2,7,5,6,5,4,7,100,Full Stack Developer
1,3,7,3,4,7,4,2,8,4,10,3,3,5,10,6,6,6,6,100,Data Analyst
6,6,5,5,9,9,2,7,5,10,8,5,6,5,9,3,6,10,9,100,Cybersecurity Engineer
5,1,6,5,1,10,7,4,6,9,5,8,9,5,5,4,6,8,4,100,AI Engineer
5,0,6,7,3,9,5,1,6,4,7,9,4,4,5,8,2,7,7,77,Data Analyst
2,2,6,4,6,9,6,5,7,2,10,6,4,10,8,7,7,4,8,97,AI Engineer
8,7,0,6,3,7,4,6,3,6,2,8,7,5,6,6,1,7,9,98,Full Stack Developer
6,1,5,10,10,5,4,10,6,4,3,9,9,9,8,5,2,10,10,98,Full Stack Developer
7,7,8,4,3,0,8,2,4,6,7,7,3,2,8,4,4,7,6,100,Cybersecurity Engineer
7,4,7,3,6,7,9,6,7,7,10,8,6,6,10,3,4,5,9,100,AI Engineer
6,3,1,6,4,6,5,1,4,7,6,7,5,4,6,2,8,7,8,100,AI Engineer
8,4,5,2,6,6,3,1,7,7,4,8,6,4,9,4,7,10,2,100,Cybersecurity Engineer
8,6,5,7,4,6,3,2,9,7,4,6,1,3,9,2,1,3,1,62,Data Analyst
5,8,3,8,10,8,3,8,4,3,2,6,7,6,8,8,8,0,10,100,Full Stack Developer
7,5,5,5,8,4,7,7,5,5,7,9,8,5,3,4,6,9,8,100,Cybersecurity Engineer
4,6,3,7,7,8,7,8,5,8,10,5,3,7,6,10,7,8,8,87,Cybersecurity Engineer
6,4,7,7,8,7,4,7,5,5,10,4,2,2,7,6,1,10,6,85,Data Analyst
10,2,5,7,4,3,8,1,4,5,10,4,3,4,5,9,4,3,10,100,AI Engineer
3,6,7,9,8,3,4,9,5,4,2,5,7,2,8,5,9,7,4,100,Full Stack Developer
9,6,6,7,8,10,7,4,3,4,3,3,6,5,7,7,5,0,10,100,Full Stack Developer
4,3,9,3,10,7,2,6,4,6,6,7,7,7,7,10,7,5,8,100,Full Stack Developer
3,3,4,10,9,8,2,6,4,3,4,3,5,8,9,7,6,3,8,83,Full Stack Developer
3,10,3,8,10,6,4,9,6,1,0,5,8,5,7,7,2,5,8,85,Full Stack Developer
8,4,4,3,2,1,6,2,5,5,7,10,3,4,8,6,6,8,4,100,Cybersecurity Engineer
8,3,3,1,8,8,6,3,6,3,9,4,6,6,10,4,5,1,8,100,AI Engineer
6,3,6,5,0,6,8,5,2,8,6,6,7,3,9,3,6,6,5,100,Cybersecurity Engineer
10,2,3,3,5,7,1,8,9,6,6,7,3,8,7,3,6,8,8,76,Data Analyst
5,2,6,9,7,4,7,7,4,4,4,4,9,10,10,6,6,7,7,100,Full Stack Developer
3,3,6,7,7,8,4,5,4,10,6,6,5,6,8,6,4,6,10,95,Full Stack Developer
5,7,3,5,7,8,5,6,9,5,5,4,5,6,6,5,6,4,5,94,AI Engineer
3,4,10,7,7,2,7,7,2,2,0,2,4,6,0,7,6,1,6,100,Full Stack Developer
10,6,8,7,9,4,1,10,6,5,6,5,6,6,7,8,5,4,5,86,Full Stack Developer
10,6,9,7,4,5,3,4,5,10,9,5,4,10,7,9,5,9,7,100,Cybersecurity Engineer
6,3,0,5,3,3,10,7,5,0,10,3,6,7,5,3,1,6,10,78,Data Analyst
6,7,4,4,7,7,9,7,8,0,8,5,8,8,5,3,2,6,9,100,Data Analyst
3,2,6,5,3,10,3,2,10,6,8,7,6,1,6,5,7,0,6,100,Data Analyst
6,4,5,3,6,3,6,7,3,7,9,6,2,3,5,4,7,4,6,93,AI Engineer
8,9,4,7,7,5,7,6,6,4,8,5,2,10,10,5,1,6,6,100,Data Analyst
7,3,1,4,7,3,5,6,0,6,6,6,3,1,7,3,4,7,8,88,Cybersecurity Engineer
7,4,3,7,5,5,9,6,0,3,6,8,4,6,2,4,8,8,8,81,AI Engineer
4,2,5,4,6,5,6,4,2,3,10,7,4,8,7,5,10,8,9,100,Cybersecurity Engineer
7,8,6,6,10,9,7,10,7,6,4,8,7,9,6,8,8,6,5,100,Full Stack Developer
3,5,5,10,10,5,7,7,4,3,3,5,6,9,9,9,7,5,7,100,Full Stack Developer
9,3,5,5,3,7,6,6,5,4,5,8,6,3,10,6,2,2,9,89,AI Engineer
5,7,5,10,10,6,6,7,5,5,1,6,4,4,3,6,4,6,9,100,Full Stack Developer
8,0,7,8,5,4,5,0,3,5,3,9,6,8,8,2,7,5,6,97,Cybersecurity Engineer
10,2,6,6,2,8,10,1,5,4,7,3,6,10,6,8,4,5,7,100,AI Engineer
4,5,8,3,3,10,8,6,7,5,4,6,3,0,9,5,0,7,10,100,Data Analyst
4,3,6,6,7,4,2,7,2,5,6,6,5,5,6,5,7,9,5,100,Cybersecurity Engineer
6,7,3,5,6,2,7,0,5,5,10,5,6,2,6,10,9,4,5,86,AI Engineer
9,7,4,10,9,7,9,10,5,5,8,8,6,9,10,4,8,6,5,72,Full Stack Developer
1,8,6,2,3,7,8,8,4,5,10,7,8,3,7,3,5,5,2,100,AI Engineer
6,3,10,3,2,7,4,5,6,2,8,9,3,2,6,6,9,7,2,69,Data Analyst
5,2,5,7,6,3,6,7,6,0,7,6,8,10,6,10,0,4,1,92,Full Stack Developer
3,3,1,2,8,7,3,5,6,5,6,6,6,2,7,9,7,2,4,100,Data Analyst
8,1,8,6,4,3,8,2,8,2,10,6,2,5,8,3,4,3,6,88,AI Engineer
8,5,1,2,4,7,4,5,2,4,10,8,3,2,5,3,2,0,5,100,Data Analyst
6,5,4,6,8,5,7,4,8,1,4,9,7,6,8,7,6,6,8,100,Cybersecurity Engineer
7,6,6,6,4,5,10,6,6,4,10,5,9,6,8,6,6,7,6,100,Data Analyst
4,7,4,10,9,4,4,5,6,2,2,3,4,3,5,9,8,8,6,54,Full Stack Developer
8,6,2,8,6,3,0,2,8,7,8,10,2,3,7,7,8,7,6,100,Cybersecurity Engineer
6,2,4,7,6,3,2,5,7,2,2,4,8,5,5,6,1,5,8,100,Full Stack Developer
5,3,3,10,9,8,6,6,6,0,9,5,6,3,6,5,7,0,9,65,AI Engineer
4,4,4,6,7,5,4,7,3,0,5,7,6,7,5,6,8,7,5,97,Full Stack Developer
7,7,6,9,7,7,4,3,5,5,10,7,9,2,7,4,2,3,2,85,AI Engineer
8,3,5,9,6,4,2,5,5,10,6,4,3,2,4,5,6,7,3,76,Cybersecurity Engineer
2,9,7,10,0,7,3,8,6,1,10,4,6,6,10,10,3,7,7,68,AI Engineer
4,4,3,5,3,5,2,2,6,10,7,6,9,7,9,3,10,10,8,90,Cybersecurity Engineer
7,7,10,4,0,10,3,6,10,5,6,5,2,4,3,1,7,1,5,81,Data Analyst
6,2,4,5,4,3,5,4,2,5,5,8,5,5,4,10,6,3,4,99,Cybersecurity Engineer
7,10,4,8,6,6,6,4,3,3,2,6,10,5,7,3,4,6,9,92,Full Stack Developer
8,5,5,10,9,9,5,9,2,1,7,10,7,4,8,5,1,7,3,100,Full Stack Developer
6,7,8,2,3,7,9,4,3,2,7,9,8,4,3,3,8,1,10,99,AI Engineer
2,1,4,4,4,6,9,5,5,1,6,4,7,6,4,3,7,6,10,100,Data Analyst
3,5,2,4,2,6,5,2,7,0,9,3,8,3,8,5,3,10,4,100,Data Analyst
8,7,3,2,2,9,4,4,5,6,6,9,5,7,9,2,9,10,3,82,Cybersecurity Engineer
9,4,4,5,3,9,6,3,10,5,7,8,9,0,8,5,7,5,6,100,Data Analyst
5,5,6,6,8,6,9,10,8,7,10,7,3,5,7,6,7,2,9,100,AI Engineer
9,5,5,5,4,7,4,7,6,2,10,2,8,5,9,6,2,6,3,100,Data Analyst
9,3,3,6,2,8,6,5,7,7,9,5,6,3,9,3,4,4,6,100,Data Analyst
7,9,3,10,5,7,7,7,7,2,6,9,7,6,5,4,10,4,10,88,Full Stack Developer
0,1,6,6,8,7,8,1,2,10,7,7,4,8,6,8,6,5,6,100,Cybersecurity Engineer
6,4,4,3,3,8,1,5,6,0,7,7,8,0,10,4,7,6,4,100,AI Engineer
7,6,3,9,5,4,6,4,3,3,5,7,9,6,5,8,4,2,7,78,Full Stack Developer
5,2,9,10,9,8,6,5,7,7,3,3,4,7,3,5,6,5,5,99,Full Stack Developer
7,4,4,10,10,5,1,6,4,6,7,9,9,4,5,1,6,4,2,100,Full Stack Developer
7,9,2,5,7,6,5,3,9,5,8,3,9,5,9,5,2,1,5,100,Data Analyst
8,7,4,4,5,10,7,4,4,8,3,8,8,8,7,2,4,9,8,97,Cybersecurity Engineer
8,4,3,6,1,1,10,6,7,1,10,9,2,8,8,3,4,0,6,98,AI Engineer
6,4,4,4,3,10,4,0,2,3,4,1,4,5,6,5,10,7,7,100,Cybersecurity Engineer
5,9,6,6,5,6,3,4,4,7,2,8,6,5,4,7,3,10,3,79,Cybersecurity Engineer
7,7,5,10,5,6,1,3,0,8,2,3,7,6,8,10,1,7,2,69,Full Stack Developer
7,1,8,6,1,7,10,6,10,4,8,8,5,7,5,8,7,1,0,100,Data Analyst
4,7,10,5,3,3,3,3,6,7,6,6,7,4,5,4,8,7,9,100,Cybersecurity Engineer
6,8,4,8,10,4,3,10,3,3,5,1,8,7,3,2,3,2,8,100,Full Stack Developer
6,10,5,3,5,7,5,1,7,10,5,1,10,4,4,0,4,10,9,81,Cybersecurity Engineer
2,6,0,2,9,8,4,3,8,4,10,1,6,3,6,6,4,4,4,100,Data Analyst
5,6,4,3,1,9,7,6,10,6,7,3,6,6,10,5,1,3,3,100,Data Analyst
6,6,1,6,3,6,9,4,7,3,6,10,7,9,9,3,10,5,9,100,Cybersecurity Engineer
8,8,7,1,3,8,7,3,7,6,10,6,3,8,8,5,8,4,4,77,AI Engineer
7,3,6,7,4,3,6,8,7,4,0,6,2,6,8,4,5,3,4,94,Full Stack Developer
6,5,3,3,4,8,4,5,6,9,7,7,0,2,5,2,5,10,5,78,Cybersecurity Engineer
5,5,7,4,4,2,9,5,6,3,10,7,5,5,7,8,7,4,8,100,AI Engineer
4,7,2,3,1,10,5,7,2,10,0,4,6,9,5,2,3,5,10,100,Cybersecurity Engineer
10,5,6,1,2,5,10,3,7,6,8,6,6,6,2,7,2,10,8,100,Cybersecurity Engineer
6,2,3,4,8,5,7,3,5,10,5,5,4,5,6,7,9,10,7,100,Cybersecurity Engineer
7,5,4,10,8,1,1,7,1,7,5,9,8,8,10,10,10,4,10,66,Full Stack Developer
8,7,8,6,7,9,6,10,10,7,5,4,3,7,6,4,10,4,9,100,Data Analyst
10,4,10,0,8,6,10,4,4,5,6,7,5,7,10,5,7,3,4,100,AI Engineer
1,2,6,6,4,6,7,3,5,3,9,4,8,6,9,6,8,8,3,74,Data Analyst
7,7,10,10,9,3,4,9,8,4,5,3,5,5,2,9,7,3,8,79,Full Stack Developer
9,3,10,8,6,8,10,5,4,7,10,7,3,0,7,7,4,8,4,64,AI Engineer
6,10,7,8,7,10,7,4,2,5,6,4,1,4,9,7,8,7,5,80,Full Stack Developer
8,4,9,10,9,3,6,7,1,4,7,8,6,8,10,8,2,4,6,92,Full Stack Developer
3,2,3,5,6,3,9,1,9,4,2,1,2,8,2,8,1,0,8,93,Data Analyst
5,6,4,6,2,9,4,5,8,5,9,5,6,5,3,3,4,5,0,100,Data Analyst
5,7,1,0,5,6,5,5,6,2,8,7,6,7,8,3,0,7,3,100,Cybersecurity Engineer
6,4,3,8,6,5,10,4,10,4,8,9,5,8,4,5,5,7,6,95,Data Analyst
6,7,1,7,3,8,9,6,8,6,10,4,4,6,2,6,8,6,5,62,Data Analyst
6,7,3,10,9,5,4,9,8,3,3,5,10,10,4,10,4,7,6,100,Full Stack Developer
3,3,5,9,10,6,5,5,4,4,4,5,6,8,8,1,8,1,8,100,Full Stack Developer
5,2,5,5,4,9,8,3,10,1,10,6,7,7,5,8,5,8,7,90,Data Analyst
7,8,5,5,5,7,9,5,5,6,5,6,4,7,6,2,10,4,5,71,Cybersecurity Engineer
9,0,5,4,0,8,8,5,7,1,8,7,4,0,6,5,7,6,8,100,AI Engineer
9,2,8,0,7,6,5,6,2,4,6,6,4,3,7,3,6,1,6,100,AI Engineer
2,8,7,3,3,1,5,5,3,7,4,8,4,2,7,5,5,7,8,93,Cybersecurity Engineer
1,6,6,5,5,7,3,5,7,4,10,7,3,3,6,6,6,3,3,100,Data Analyst
5,7,7,3,4,7,6,7,8,4,8,10,5,4,4,4,7,0,5,87,AI Engineer
7,7,7,8,8,1,6,6,4,7,6,8,8,9,2,5,6,3,6,67,Full Stack Developer
8,5,6,8,1,5,5,7,8,4,8,10,2,3,0,6,7,5,8,70,Data Analyst
7,4,4,8,7,5,7,3,4,3,7,4,2,3,3,2,6,1,3,100,Data Analyst
4,5,3,9,4,10,7,6,7,5,10,3,5,9,7,5,10,3,6,97,Data Analyst
6,4,8,7,3,3,8,9,2,6,10,6,10,5,7,2,1,8,7,100,Cybersecurity Engineer
6,4,4,3,4,6,8,6,10,5,10,6,5,5,6,10,4,7,2,100,AI Engineer
6,5,6,9,5,7,5,2,5,4,10,5,2,5,9,4,6,4,5,100,Data Analyst
10,2,9,3,4,6,5,5,2,3,10,5,6,6,9,1,7,5,6,100,AI Engineer
6,4,7,10,7,7,3,6,5,8,8,6,6,8,10,3,7,5,5,100,Full Stack Developer
5,5,6,2,2,5,4,0,9,9,9,7,5,8,5,7,6,8,1,85,Cybersecurity Engineer
8,3,6,1,8,9,6,3,8,8,10,10,4,3,5,7,5,3,8,100,AI Engineer
3,9,3,8,6,2,2,7,6,3,1,5,7,5,5,4,9,3,7,100,Full Stack Developer
5,5,4,7,6,0,8,5,4,9,3,6,6,6,6,5,5,9,10,64,Cybersecurity Engineer
7,8,7,9,10,5,8,10,2,4,5,6,9,2,9,8,2,5,5,100,Full Stack Developer
9,9,3,3,4,7,5,7,6,9,9,6,10,6,4,3,3,4,8,50,Data Analyst
7,4,6,7,3,3,4,6,4,6,4,5,3,3,10,7,4,5,3,100,Cybersecurity Engineer
3,3,6,5,9,6,1,5,8,6,4,4,1,10,6,10,7,7,9,100,Full Stack Developer
4,3,6,10,10,1,2,10,9,4,4,8,7,4,4,4,10,8,5,100,Full Stack Developer
10,6,5,6,3,5,10,5,5,8,7,6,9,5,9,2,5,7,7,100,AI Engineer
3,4,5,7,6,9,4,6,6,2,8,4,6,4,3,6,7,4,9,100,AI Engineer
2,3,7,3,5,8,8,5,6,6,10,7,6,10,3,6,5,7,5,100,Data Analyst
3,1,3,1,2,8,6,6,9,5,7,7,9,6,5,6,8,2,6,100,Data Analyst
5,4,4,5,5,7,6,6,4,8,3,7,2,9,9,5,6,10,6,100,Cybersecurity Engineer
7,3,6,5,9,9,3,3,5,5,10,5,6,6,10,5,8,3,8,84,Data Analyst
4,3,6,3,7,7,4,4,3,9,5,10,8,6,8,7,3,6,6,69,Cybersecurity Engineer
7,8,10,3,4,9,4,6,10,8,10,5,1,4,3,2,4,4,4,100,Data Analyst
4,5,3,9,10,8,4,8,4,3,2,9,5,9,6,1,6,6,8,100,Full Stack Developer
6,7,5,4,4,4,6,5,7,3,10,6,5,2,7,5,5,4,1,91,AI Engineer
8,3,6,5,5,3,4,3,3,7,5,6,7,7,10,5,10,5,3,84,Cybersecurity Engineer
7,4,2,0,3,6,7,0,8,7,10,4,5,2,9,6,1,3,6,100,AI Engineer
5,6,8,10,8,7,4,5,5,6,3,4,5,5,8,4,5,6,7,100,Full Stack Developer
5,6,5,10,7,6,3,6,3,3,4,5,8,5,4,4,5,10,6,100,Full Stack Developer
9,8,3,5,6,6,0,5,8,10,1,5,7,5,6,7,5,8,7,100,Cybersecurity Engineer
5,2,5,6,5,8,4,6,6,8,8,5,3,7,10,7,9,4,5,67,Data Analyst
7,10,3,10,10,5,5,5,5,3,5,8,5,7,5,4,6,4,5,74,Full Stack Developer
8,3,7,5,10,5,5,5,0,4,4,4,2,0,7,4,5,6,9,99,Full Stack Developer
4,6,10,1,2,6,7,1,6,1,10,4,8,5,6,6,3,4,9,69,AI Engineer
6,6,7,6,0,9,10,5,8,3,9,3,4,5,7,5,7,2,8,87,Data Analyst
5,8,10,0,5,10,7,10,6,5,7,6,6,10,10,9,3,7,5,100,Data Analyst
5,1,3,0,5,6,4,5,9,5,5,7,6,4,6,5,6,9,6,100,AI Engineer
10,4,3,7,3,7,6,3,9,8,8,0,4,5,6,5,5,5,2,100,AI Engineer
9,8,3,0,8,7,5,4,5,5,7,4,3,5,0,8,5,1,4,100,Data Analyst
6,0,6,1,0,9,4,6,7,3,10,5,6,4,4,3,3,7,4,82,Data Analyst
3,4,5,3,4,8,3,7,7,10,7,7,6,4,10,5,7,10,7,76,Cybersecurity Engineer
3,5,5,10,10,0,7,10,2,2,8,3,8,4,6,4,7,7,2,100,Full Stack Developer
8,3,4,10,10,6,2,6,5,2,5,3,5,8,5,5,5,8,2,100,Full Stack Developer
10,5,8,1,9,9,7,0,4,2,10,5,4,4,1,6,5,5,6,88,Data Analyst
7,4,7,1,3,3,5,5,8,10,4,8,3,4,2,6,4,6,5,100,Cybersecurity Engineer
6,5,5,2,1,8,5,4,4,8,10,1,3,5,9,6,3,9,5,70,AI Engineer
6,6,6,10,10,8,6,10,6,9,3,6,4,9,6,8,9,8,6,77,Full Stack Developer
10,4,4,3,6,6,6,0,10,1,10,10,4,4,3,1,6,8,5,85,AI Engineer
3,6,5,7,1,5,7,4,6,8,4,3,5,10,7,4,6,7,4,100,Cybersecurity Engineer
7,10,4,4,1,4,9,5,6,7,10,6,1,6,7,5,5,6,7,100,AI Engineer
2,1,7,6,6,3,6,6,1,1,5,7,8,5,4,10,7,5,2,100,Full Stack Developer
8,5,5,8,10,3,7,5,5,0,0,4,3,8,7,10,7,4,8,83,Full Stack Developer
10,7,6,3,4,7,10,2,7,8,6,5,3,5,9,8,5,7,7,66,Cybersecurity Engineer
9,8,6,7,5,9,6,0,7,1,7,2,8,7,5,2,3,7,7,96,Data Analyst
5,10,7,7,3,8,8,3,7,4,5,1,4,5,7,6,1,4,3,91,Data Analyst
8,5,3,7,3,7,10,5,4,0,10,6,3,4,9,4,8,6,5,100,AI Engineer
6,6,6,5,4,3,7,3,3,5,8,9,0,8,9,2,4,4,3,82,AI Engineer
6,5,4,5,3,4,4,4,5,10,4,8,5,6,7,3,6,9,2,100,Cybersecurity Engineer
4,5,4,7,3,6,7,2,8,5,10,2,8,10,6,9,4,0,4,100,AI Engineer
3,1,5,0,3,4,7,6,5,9,4,10,6,9,7,8,0,7,5,89,Cybersecurity Engineer
4,8,6,8,2,4,3,5,4,6,3,0,5,3,6,3,9,5,8,59,Cybersecurity Engineer
6,8,2,10,7,5,2,6,0,2,4,4,6,6,6,8,7,7,8,93,Full Stack Developer
4,0,9,1,3,6,6,6,4,10,7,1,5,4,10,5,8,6,5,92,Cybersecurity Engineer
8,2,3,2,8,0,1,2,3,6,6,5,4,4,5,8,9,5,7,86,Cybersecurity Engineer
3,5,3,5,7,10,3,1,10,7,10,3,3,6,4,9,4,2,7,100,Data Analyst
4,4,6,10,7,5,6,8,7,7,3,7,9,2,6,5,6,3,5,100,Full Stack Developer
7,6,8,2,2,7,10,7,2,3,8,5,6,4,5,6,4,9,5,95,AI Engineer
0,0,6,6,8,6,5,2,9,6,8,6,5,9,6,6,8,5,5,84,Data Analyst
4,2,5,5,9,10,5,2,4,5,5,8,5,7,0,7,4,5,6,100,Full Stack Developer
8,3,7,4,5,2,8,6,3,3,10,10,7,4,4,5,4,6,6,80,AI Engineer
3,6,4,8,7,6,6,8,9,0,8,6,8,6,1,10,5,8,6,100,Data Analyst
5,5,7,3,8,10,10,1,4,4,7,10,6,5,9,6,5,3,6,100,Data Analyst
6,9,5,6,5,6,7,3,3,6,4,7,9,5,5,5,5,3,4,54,Full Stack Developer
1,5,8,10,8,3,0,7,5,4,8,6,6,3,8,5,4,6,10,100,Full Stack Developer
4,6,5,4,1,7,0,0,3,8,3,2,10,10,7,4,8,10,8,100,Cybersecurity Engineer
6,2,3,2,2,8,7,6,8,3,10,4,5,5,7,1,1,5,9,95,AI Engineer
2,4,1,6,6,5,0,2,0,7,2,6,7,3,5,6,8,10,10,87,Cybersecurity Engineer
9,7,3,3,7,10,6,6,8,4,7,5,7,7,10,5,3,5,6,100,AI Engineer
6,4,6,6,3,5,2,7,4,2,7,10,5,3,8,5,8,6,2,100,Cybersecurity Engineer
4,6,3,4,2,8,3,6,5,6,6,8,10,7,7,8,0,9,9,100,Cybersecurity Engineer
7,6,4,4,8,8,9,0,10,2,9,5,5,6,9,3,4,10,6,95,AI Engineer
1,7,10,2,2,5,7,3,9,5,6,7,0,6,6,2,3,10,3,95,Cybersecurity Engineer
5,6,3,1,5,9,4,5,7,4,9,6,3,7,5,4,4,6,6,75,Data Analyst
6,3,1,3,4,7,10,6,10,9,8,6,2,4,8,5,4,3,8,99,Data Analyst
9,7,7,5,6,6,8,7,8,2,9,6,6,6,10,5,7,3,5,100,AI Engineer
5,5,6,2,3,8,7,6,1,5,5,7,6,10,8,6,7,7,9,100,Cybersecurity Engineer
5,2,5,3,8,9,9,5,10,1,10,5,7,7,7,5,3,3,9,76,Data Analyst
5,2,5,6,7,7,1,9,4,4,4,7,8,6,5,10,10,2,9,100,Full Stack Developer
6,4,7,6,9,3,3,10,5,4,6,7,10,8,4,5,4,1,3,90,Full Stack Developer
10,4,4,3,7,7,6,3,2,7,9,5,4,0,7,6,8,3,5,100,AI Engineer
10,4,2,10,10,9,4,10,4,7,3,7,10,2,8,9,2,3,5,89,Full Stack Developer
2,10,4,5,9,3,7,10,7,5,8,6,7,5,4,7,0,3,6,100,Full Stack Developer
8,3,6,4,3,6,7,3,5,2,5,7,6,1,4,2,8,7,8,100,Data Analyst
7,6,5,10,6,4,5,7,6,2,4,6,4,8,5,6,4,4,5,100,Full Stack Developer
4,4,1,10,5,7,3,4,5,9,4,8,6,4,10,6,3,3,8,100,Full Stack Developer
2,4,0,7,8,8,4,9,3,5,2,2,7,8,6,6,8,4,7,84,Full Stack Developer
4,7,3,6,10,4,1,6,6,5,9,2,7,10,3,7,2,9,8,80,Full Stack Developer
7,3,8,3,6,6,2,2,7,5,7,6,4,0,4,4,6,7,6,100,Data Analyst
5,10,2,9,10,5,8,10,3,4,9,10,6,7,3,10,5,8,5,86,Full Stack Developer
5,6,0,4,6,7,3,8,5,3,9,6,2,9,3,7,6,3,5,100,Data Analyst
9,0,1,8,5,2,7,3,6,3,10,6,8,5,7,8,4,2,7,100,AI Engineer
7,6,6,6,3,6,8,6,8,1,8,2,7,3,8,2,8,3,7,100,AI Engineer
9,3,4,8,5,8,6,6,3,3,10,5,7,8,8,3,7,4,9,67,AI Engineer
6,3,2,7,0,8,10,4,3,1,8,7,5,2,9,9,3,5,2,99,AI Engineer
2,9,1,9,6,8,6,3,5,5,7,7,6,6,9,5,6,7,7,58,Full Stack Developer
10,5,7,1,6,7,1,5,6,1,5,5,7,8,8,4,5,8,6,68,Cybersecurity Engineer
4,3,5,4,5,7,8,6,8,3,8,7,5,4,8,5,9,0,3,100,Data Analyst
6,8,7,10,9,2,4,6,2,8,5,6,9,9,10,1,3,3,4,100,Full Stack Developer
4,5,10,7,7,3,10,7,2,3,7,8,6,7,3,6,9,3,9,89,Full Stack Developer
6,6,8,4,4,3,9,4,5,5,10,8,7,5,9,6,4,4,5,99,AI Engineer
4,5,9,5,0,6,2,2,7,9,10,6,7,4,2,2,6,6,6,100,Data Analyst
10,4,0,5,1,1,1,7,6,3,10,8,8,1,8,1,5,4,6,99,AI Engineer
9,4,7,3,4,4,6,5,4,8,8,4,8,3,6,4,7,9,3,100,Cybersecurity Engineer
8,5,2,7,5,5,4,2,7,10,7,10,5,10,7,2,8,7,9,100,Cybersecurity Engineer
7,9,6,6,10,4,7,8,8,7,6,4,9,9,5,4,5,7,9,100,Full Stack Developer
9,10,0,2,7,10,6,7,5,9,10,8,3,6,8,10,7,3,8,69,Data Analyst
6,3,0,6,1,8,9,3,8,6,8,5,7,6,10,0,4,1,5,100,AI Engineer
8,9,1,7,9,3,5,10,3,8,2,6,4,6,1,4,8,4,7,100,Full Stack Developer
6,4,7,8,4,2,9,7,7,6,10,9,5,3,6,2,6,6,6,100,AI Engineer
5,3,9,5,4,4,5,3,0,6,6,5,5,5,3,4,8,10,8,100,Cybersecurity Engineer
9,7,6,10,7,7,3,9,5,2,5,4,2,6,6,8,0,6,6,100,Full Stack Developer
2,1,8,10,6,10,2,6,5,5,4,5,5,9,6,4,9,3,6,100,Full Stack Developer
5,2,9,7,7,8,6,8,10,5,10,7,4,9,7,4,7,4,1,100,Data Analyst
9,3,1,3,4,3,4,8,6,3,10,5,5,6,5,7,7,4,9,100,Data Analyst
8,4,4,0,6,6,5,2,6,7,5,8,6,3,7,4,5,7,7,100,Data Analyst
9,7,6,0,7,4,7,6,10,10,9,5,7,8,6,9,5,5,8,100,AI Engineer
10,4,2,5,4,4,3,1,5,9,2,8,6,6,4,4,7,3,9,33,Data Analyst
5,6,6,5,2,6,7,7,5,5,10,5,6,5,6,9,5,4,4,100,Data Analyst
5,6,5,6,8,6,6,8,6,1,5,3,1,10,8,7,8,3,5,81,Full Stack Developer
9,3,6,3,5,3,7,7,10,2,9,10,5,2,5,2,8,6,3,100,Data Analyst
6,2,2,9,8,8,4,9,3,2,0,8,5,4,4,6,7,4,7,100,Full Stack Developer
3,6,6,10,0,6,6,1,10,5,8,7,4,7,5,9,5,6,8,37,Data Analyst
10,9,7,4,5,3,5,2,8,5,7,6,6,3,9,3,7,5,10,100,Data Analyst
5,5,4,10,10,7,7,8,2,4,4,10,2,8,7,5,4,5,4,100,Full Stack Developer
6,5,7,10,8,5,0,9,7,5,2,8,4,7,8,7,8,3,8,100,Full Stack Developer
9,3,10,7,8,6,4,10,7,4,7,6,3,7,6,4,7,5,4,74,Full Stack Developer
7,7,2,10,9,2,1,6,4,6,5,8,6,10,7,7,6,4,7,50,Full Stack Developer
6,3,4,7,10,6,1,4,1,7,4,4,6,4,6,7,7,2,9,92,Full Stack Developer
7,9,4,8,3,4,6,3,8,4,7,9,4,7,8,3,6,4,3,69,AI Engineer
8,6,1,7,4,7,4,0,7,7,7,4,7,2,10,2,8,4,8,92,AI Engineer
4,4,1,4,2,6,4,7,8,9,7,9,10,7,8,5,6,1,0,100,Data Analyst
7,5,7,0,3,4,10,9,6,2,10,10,6,4,8,6,3,5,9,100,AI Engineer
4,4,2,0,5,3,4,6,6,4,6,8,8,6,7,6,4,10,6,86,Cybersecurity Engineer
2,10,10,8,4,6,5,8,10,3,8,8,5,6,9,8,8,2,4,88,Data Analyst
7,8,9,0,7,4,7,10,4,3,10,9,5,6,6,6,5,6,5,100,AI Engineer
8,6,3,2,8,8,7,3,8,3,8,6,7,5,7,8,5,5,3,100,Data Analyst
2,6,5,9,6,7,4,8,6,7,6,10,3,1,2,4,8,4,3,62,Data Analyst
5,6,5,10,10,4,7,10,1,3,9,5,8,8,10,2,7,3,6,91,Full Stack Developer
5,5,6,8,6,4,2,5,4,4,6,6,3,3,4,6,9,8,9,100,Full Stack Developer
4,3,8,10,10,1,2,10,4,6,4,6,7,3,7,10,6,2,7,91,Full Stack Developer
9,8,5,10,9,10,0,8,4,3,2,7,2,5,1,5,6,5,9,100,Full Stack Developer
6,4,7,5,5,4,9,5,9,8,9,4,3,4,6,7,7,1,7,88,Data Analyst
6,4,6,1,6,6,2,3,5,3,5,9,7,1,2,7,5,7,6,100,Cybersecurity Engineer
6,4,6,8,1,6,7,5,9,4,7,3,5,5,8,1,3,6,4,100,AI Engineer
5,10,7,10,7,1,6,9,4,4,3,5,5,4,8,10,6,1,7,100,Full Stack Developer
8,3,0,6,2,3,5,9,10,5,8,3,5,9,5,0,7,7,2,100,AI Engineer
3,8,9,4,6,3,0,6,0,8,10,5,3,3,4,3,2,10,3,100,Cybersecurity Engineer
5,6,2,4,5,2,9,0,3,4,10,10,4,3,7,3,6,0,7,89,AI Engineer
7,8,5,4,2,5,10,7,4,4,7,3,5,4,4,6,5,1,2,98,AI Engineer
10,4,10,4,2,5,2,9,10,1,7,7,2,2,6,3,5,4,9,87,AI Engineer
2,4,8,7,5,10,7,2,10,6,10,8,4,10,4,8,6,6,4,100,Data Analyst
7,4,5,5,5,10,4,1,7,7,10,8,7,4,10,7,8,6,3,99,Data Analyst
1,5,7,8,7,7,4,2,2,8,5,0,6,10,6,6,0,3,5,73,Full Stack Developer
3,9,5,10,9,2,4,9,1,4,1,7,6,6,10,5,4,7,5,56,Full Stack Developer
0,10,9,3,4,5,8,8,5,3,3,8,6,4,5,7,5,6,8,100,Full Stack Developer
4,7,4,3,4,5,8,3,6,4,5,4,7,2,9,7,3,7,6,100,AI Engineer
6,3,9,1,5,10,8,5,5,4,10,0,9,3,6,4,7,0,7,100,AI Engineer
10,8,6,9,2,10,4,4,8,2,10,9,6,3,4,4,9,7,4,95,Data Analyst
5,2,0,5,3,9,7,3,4,1,6,5,3,3,7,8,4,8,1,96,AI Engineer
7,6,5,7,9,3,6,9,3,3,5,6,4,8,7,6,10,6,4,70,Full Stack Developer
7,9,4,4,4,7,4,2,6,9,4,7,4,3,5,4,10,10,5,81,Cybersecurity Engineer
8,2,9,7,5,5,9,0,7,2,9,6,8,6,5,7,9,6,6,100,AI Engineer
6,3,1,5,0,3,2,3,4,2,5,4,5,4,8,2,6,8,6,89,AI Engineer
10,3,4,3,5,8,7,2,10,6,10,7,5,9,7,7,4,3,1,100,AI Engineer
6,2,5,7,6,7,3,6,2,4,7,10,5,3,3,9,5,2,6,71,Full Stack Developer
3,6,1,9,8,8,3,10,1,5,6,7,4,6,6,10,7,4,5,100,Full Stack Developer
5,4,8,3,2,8,4,5,5,4,9,2,5,6,2,4,10,5,9,93,Data Analyst
8,5,3,0,3,9,6,6,2,8,8,7,1,3,5,10,6,7,1,100,Cybersecurity Engineer
4,6,2,6,4,7,1,4,3,5,4,4,5,7,4,8,3,5,4,100,Cybersecurity Engineer
6,7,4,10,1,9,2,5,1,8,3,9,3,2,10,8,7,10,4,100,Cybersecurity Engineer
3,2,6,10,9,7,3,10,4,4,7,3,5,3,8,8,3,0,7,100,Full Stack Developer
5,5,8,7,10,7,4,6,1,5,3,6,5,7,5,9,9,5,5,92,Full Stack Developer
7,1,7,6,5,3,8,2,5,5,6,6,7,3,5,5,5,5,7,100,AI Engineer
6,6,5,5,10,2,7,5,3,5,6,10,5,7,5,9,10,6,8,100,Full Stack Developer
3,4,1,5,3,9,5,3,6,5,8,6,6,1,10,7,2,8,10,84,Data Analyst
6,6,1,9,0,10,6,6,1,7,8,10,2,9,3,6,2,9,8,100,Data Analyst
10,7,7,4,3,6,9,1,6,3,10,4,5,4,10,2,6,2,4,100,AI Engineer
4,4,0,5,7,3,5,4,5,6,8,9,5,1,4,8,5,7,7,50,AI Engineer
2,3,9,6,7,0,5,7,7,8,8,3,7,4,3,6,4,5,6,100,Cybersecurity Engineer
2,4,6,10,10,6,7,10,7,2,5,6,10,4,3,8,6,2,9,100,Full Stack Developer
6,7,7,3,3,5,8,1,9,10,4,5,4,4,5,7,7,9,6,91,Cybersecurity Engineer
7,1,4,5,5,8,6,6,5,0,10,6,6,7,6,5,7,7,10,100,AI Engineer
2,7,7,6,6,4,1,7,6,5,4,8,8,5,6,5,2,10,6,82,Cybersecurity Engineer
7,4,9,7,7,5,8,3,5,4,4,6,5,9,7,4,5,0,9,39,Data Analyst
6,7,5,6,8,2,0,7,6,6,7,7,8,3,10,8,5,7,8,100,Full Stack Developer
9,3,5,0,5,3,5,1,4,6,5,9,3,7,10,4,9,10,10,100,Cybersecurity Engineer
3,5,4,4,8,3,2,5,7,10,6,5,7,4,7,7,4,7,5,100,Cybersecurity Engineer
5,9,3,6,7,9,7,7,6,6,8,5,3,2,7,7,5,8,6,92,Data Analyst
7,10,2,6,4,8,2,4,5,9,5,10,4,4,5,9,9,7,6,100,Cybersecurity Engineer
6,2,2,0,6,5,6,5,10,4,8,5,2,3,7,9,1,5,7,99,Data Analyst
7,0,10,10,8,6,2,2,3,3,4,5,5,5,7,8,9,9,10,64,Full Stack Developer
3,3,6,4,4,3,5,2,7,7,9,8,4,8,4,6,7,2,8,100,Cybersecurity Engineer
8,3,8,10,10,6,3,7,3,1,2,7,3,6,8,2,8,5,7,100,Full Stack Developer
7,7,6,3,1,8,10,9,5,6,9,8,5,5,7,6,5,4,7,88,AI Engineer
0,5,6,6,3,7,7,2,2,0,10,5,5,4,7,6,5,9,2,100,Cybersecurity Engineer
8,8,5,10,5,7,2,9,3,2,5,6,9,8,10,7,10,6,7,96,Full Stack Developer
6,5,6,9,8,8,9,6,3,8,9,9,7,7,3,7,4,8,7,99,Cybersecurity Engineer
7,2,8,5,4,5,7,6,7,6,10,9,5,8,5,7,9,3,4,81,AI Engineer
4,3,2,5,2,3,4,6,6,6,5,9,6,1,7,8,6,4,3,81,Cybersecurity Engineer
10,4,2,4,2,5,8,6,1,5,8,4,5,5,10,9,9,3,4,100,AI Engineer
7,7,5,8,5,4,1,4,8,4,7,7,2,6,10,5,4,4,0,100,AI Engineer
5,5,10,8,7,5,9,6,9,0,7,7,5,3,5,5,4,10,7,100,AI Engineer
6,2,3,10,0,2,5,3,6,9,3,10,1,3,7,7,8,10,5,100,Cybersecurity Engineer
7,4,2,10,10,8,4,7,6,5,6,6,7,7,5,9,8,4,3,100,Full Stack Developer
7,5,3,3,3,7,8,6,7,5,10,5,5,9,6,0,5,4,0,100,AI Engineer
8,3,1,0,3,9,8,4,7,5,8,10,5,8,8,4,3,5,9,91,AI Engineer
7,5,2,6,5,4,6,3,5,4,10,8,3,4,9,5,5,2,7,100,AI Engineer
10,4,5,5,2,10,6,6,4,3,6,2,4,7,10,4,4,5,3,80,Data Analyst
7,4,6,3,4,9,3,4,2,9,7,8,3,0,8,2,4,6,7,100,Cybersecurity Engineer
7,6,5,9,6,5,2,8,2,4,5,5,7,8,3,6,2,5,7,76,Full Stack Developer
4,8,5,6,7,6,7,4,7,6,5,5,9,5,9,4,2,8,6,100,Cybersecurity Engineer
8,8,4,5,4,3,5,4,8,6,6,6,10,6,6,8,7,3,7,92,AI Engineer
5,6,10,5,5,9,3,6,2,5,4,8,9,3,9,8,5,9,7,100,Cybersecurity Engineer
3,8,6,10,8,6,4,6,3,4,3,9,1,9,8,3,6,8,6,100,Full Stack Developer
6,4,6,4,3,8,7,4,9,4,10,2,5,1,10,2,7,7,3,100,Data Analyst
8,3,7,3,1,7,4,5,4,4,10,6,6,5,9,3,6,8,7,100,AI Engineer
7,6,2,10,10,7,1,5,5,7,5,5,8,7,4,7,5,3,10,94,Full Stack Developer
4,5,4,0,7,5,7,7,5,4,7,7,4,3,1,8,3,3,7,81,AI Engineer
6,7,7,6,5,2,10,5,10,2,10,7,4,9,8,3,4,2,3,100,AI Engineer
5,8,5,2,1,5,9,6,5,3,10,4,5,6,8,6,3,1,3,100,AI Engineer
6,3,7,7,2,8,8,4,9,4,10,5,8,6,8,6,9,3,6,79,Data Analyst
6,5,3,2,5,6,6,7,10,6,5,5,3,3,4,5,5,0,7,100,Data Analyst
9,2,6,3,8,4,8,5,3,3,4,7,3,1,6,5,10,7,0,97,Data Analyst
8,4,5,1,6,6,8,5,9,5,10,5,3,5,5,7,7,2,6,100,AI Engineer
5,5,8,0,2,5,2,2,8,9,6,3,4,2,6,2,9,7,3,90,Cybersecurity Engineer
